stock_code,industry,industry_code,update_date
600298.SH,其他,Z99,2026-03-01
000006.SZ,其他,Z99,2026-03-01
002081.SZ,其他,Z99,2026-03-01
002164.SZ,其他,Z99,2026-03-01
601966.SH,其他,Z99,2026-03-01
600086.SH,其他,Z99,2026-03-01
002191.SZ,其他,Z99,2026-03-01
002109.SZ,其他,Z99,2026-03-01
000882.SZ,其他,Z99,2026-03-01
300026.SZ,其他,Z99,2026-03-01
300735.SZ,其他,Z99,2026-03-01
000753.SZ,其他,Z99,2026-03-01
600068.SH,其他,Z99,2026-03-01
002228.SZ,其他,Z99,2026-03-01
600343.SH,其他,Z99,2026-03-01
002192.SZ,其他,Z99,2026-03-01
002289.SZ,其他,Z99,2026-03-01
600377.SH,交通运输,G53,2026-03-01
600059.SH,其他,Z99,2026-03-01
300339.SZ,其他,Z99,2026-03-01
002046.SZ,其他,Z99,2026-03-01
601118.SH,其他,Z99,2026-03-01
000718.SZ,其他,Z99,2026-03-01
600808.SH,其他,Z99,2026-03-01
003031.SZ,其他,Z99,2026-03-01
002271.SZ,其他,Z99,2026-03-01
300679.SZ,其他,Z99,2026-03-01
002131.SZ,其他,Z99,2026-03-01
001213.SZ,其他,Z99,2026-03-01
002274.SZ,其他,Z99,2026-03-01
002223.SZ,其他,Z99,2026-03-01
002008.SZ,其他,Z99,2026-03-01
300008.SZ,其他,Z99,2026-03-01
002059.SZ,其他,Z99,2026-03-01
603816.SH,其他,Z99,2026-03-01
600280.SH,其他,Z99,2026-03-01
002092.SZ,其他,Z99,2026-03-01
002186.SZ,其他,Z99,2026-03-01
600221.SH,其他,Z99,2026-03-01
688248.SH,其他,Z99,2026-03-01
600373.SH,其他,Z99,2026-03-01
600226.SH,其他,Z99,2026-03-01
603179.SH,其他,Z99,2026-03-01
300718.SZ,其他,Z99,2026-03-01
600278.SH,其他,Z99,2026-03-01
300346.SZ,其他,Z99,2026-03-01
600070.SH,其他,Z99,2026-03-01
603379.SH,其他,Z99,2026-03-01
002162.SZ,其他,Z99,2026-03-01
600118.SH,其他,Z99,2026-03-01
002023.SZ,其他,Z99,2026-03-01
600225.SH,其他,Z99,2026-03-01
600109.SH,其他,Z99,2026-03-01
000919.SZ,其他,Z99,2026-03-01
600350.SH,其他,Z99,2026-03-01
002037.SZ,其他,Z99,2026-03-01
002246.SZ,其他,Z99,2026-03-01
300010.SZ,其他,Z99,2026-03-01
300038.SZ,其他,Z99,2026-03-01
300051.SZ,其他,Z99,2026-03-01
002165.SZ,其他,Z99,2026-03-01
603087.SH,其他,Z99,2026-03-01
600171.SH,其他,Z99,2026-03-01
002423.SZ,其他,Z99,2026-03-01
300093.SZ,其他,Z99,2026-03-01
600598.SH,其他,Z99,2026-03-01
600317.SH,其他,Z99,2026-03-01
600516.SH,其他,Z99,2026-03-01
603568.SH,其他,Z99,2026-03-01
000803.SZ,其他,Z99,2026-03-01
600487.SH,其他,Z99,2026-03-01
002275.SZ,其他,Z99,2026-03-01
000863.SZ,其他,Z99,2026-03-01
300458.SZ,其他,Z99,2026-03-01
002568.SZ,其他,Z99,2026-03-01
300022.SZ,其他,Z99,2026-03-01
300063.SZ,其他,Z99,2026-03-01
300474.SZ,其他,Z99,2026-03-01
002125.SZ,其他,Z99,2026-03-01
600061.SH,其他,Z99,2026-03-01
000659.SZ,其他,Z99,2026-03-01
300047.SZ,其他,Z99,2026-03-01
000801.SZ,其他,Z99,2026-03-01
000673.SZ,其他,Z99,2026-03-01
600127.SH,其他,Z99,2026-03-01
600336.SH,其他,Z99,2026-03-01
300055.SZ,其他,Z99,2026-03-01
000989.SZ,其他,Z99,2026-03-01
003035.SZ,其他,Z99,2026-03-01
000767.SZ,其他,Z99,2026-03-01
002138.SZ,其他,Z99,2026-03-01
300059.SZ,非银金融,J67,2026-03-01
600546.SH,其他,Z99,2026-03-01
688183.SH,其他,Z99,2026-03-01
603444.SH,其他,Z99,2026-03-01
600249.SH,其他,Z99,2026-03-01
300044.SZ,其他,Z99,2026-03-01
601001.SH,其他,Z99,2026-03-01
000881.SZ,其他,Z99,2026-03-01
300763.SZ,其他,Z99,2026-03-01
000710.SZ,其他,Z99,2026-03-01
300068.SZ,其他,Z99,2026-03-01
600816.SH,其他,Z99,2026-03-01
600191.SH,其他,Z99,2026-03-01
000932.SZ,其他,Z99,2026-03-01
300005.SZ,其他,Z99,2026-03-01
600010.SH,其他,Z99,2026-03-01
600232.SH,其他,Z99,2026-03-01
000715.SZ,其他,Z99,2026-03-01
688122.SH,其他,Z99,2026-03-01
000969.SZ,其他,Z99,2026-03-01
002212.SZ,其他,Z99,2026-03-01
000686.SZ,其他,Z99,2026-03-01
002267.SZ,其他,Z99,2026-03-01
600207.SH,其他,Z99,2026-03-01
300034.SZ,其他,Z99,2026-03-01
601231.SH,其他,Z99,2026-03-01
002171.SZ,其他,Z99,2026-03-01
002106.SZ,其他,Z99,2026-03-01
000608.SZ,其他,Z99,2026-03-01
600177.SH,其他,Z99,2026-03-01
000793.SZ,其他,Z99,2026-03-01
000858.SZ,食品饮料,C15,2026-03-01
601139.SH,其他,Z99,2026-03-01
002132.SZ,其他,Z99,2026-03-01
002312.SZ,其他,Z99,2026-03-01
600906.SH,其他,Z99,2026-03-01
600688.SH,其他,Z99,2026-03-01
300037.SZ,其他,Z99,2026-03-01
002030.SZ,其他,Z99,2026-03-01
002279.SZ,其他,Z99,2026-03-01
000821.SZ,其他,Z99,2026-03-01
000761.SZ,其他,Z99,2026-03-01
600305.SH,其他,Z99,2026-03-01
000766.SZ,其他,Z99,2026-03-01
000819.SZ,其他,Z99,2026-03-01
600720.SH,其他,Z99,2026-03-01
002137.SZ,其他,Z99,2026-03-01
300077.SZ,其他,Z99,2026-03-01
002245.SZ,其他,Z99,2026-03-01
600192.SH,其他,Z99,2026-03-01
688188.SH,其他,Z99,2026-03-01
000607.SZ,其他,Z99,2026-03-01
000800.SZ,其他,Z99,2026-03-01
000506.SZ,其他,Z99,2026-03-01
000690.SZ,其他,Z99,2026-03-01
000592.SZ,其他,Z99,2026-03-01
002074.SZ,其他,Z99,2026-03-01
000429.SZ,其他,Z99,2026-03-01
000917.SZ,其他,Z99,2026-03-01
600182.SH,其他,Z99,2026-03-01
002026.SZ,其他,Z99,2026-03-01
600351.SH,其他,Z99,2026-03-01
002128.SZ,其他,Z99,2026-03-01
002168.SZ,其他,Z99,2026-03-01
000798.SZ,其他,Z99,2026-03-01
600028.SH,其他,Z99,2026-03-01
000488.SZ,其他,Z99,2026-03-01
600372.SH,其他,Z99,2026-03-01
300011.SZ,其他,Z99,2026-03-01
688777.SH,其他,Z99,2026-03-01
002095.SZ,其他,Z99,2026-03-01
002040.SZ,其他,Z99,2026-03-01
002028.SZ,建筑装饰,E50,2026-03-01
002105.SZ,其他,Z99,2026-03-01
000831.SZ,其他,Z99,2026-03-01
600306.SH,其他,Z99,2026-03-01
002167.SZ,其他,Z99,2026-03-01
000797.SZ,其他,Z99,2026-03-01
002410.SZ,其他,Z99,2026-03-01
002265.SZ,其他,Z99,2026-03-01
002035.SZ,其他,Z99,2026-03-01
603927.SH,其他,Z99,2026-03-01
000776.SZ,其他,Z99,2026-03-01
301301.SZ,其他,Z99,2026-03-01
300035.SZ,其他,Z99,2026-03-01
002607.SZ,其他,Z99,2026-03-01
000851.SZ,其他,Z99,2026-03-01
000591.SZ,其他,Z99,2026-03-01
000597.SZ,其他,Z99,2026-03-01
600391.SH,其他,Z99,2026-03-01
002007.SZ,其他,Z99,2026-03-01
000616.SZ,其他,Z99,2026-03-01
002174.SZ,其他,Z99,2026-03-01
600111.SH,其他,Z99,2026-03-01
002056.SZ,其他,Z99,2026-03-01
688099.SH,其他,Z99,2026-03-01
002197.SZ,其他,Z99,2026-03-01
002045.SZ,其他,Z99,2026-03-01
002052.SZ,其他,Z99,2026-03-01
002236.SZ,其他,Z99,2026-03-01
600332.SH,其他,Z99,2026-03-01
600307.SH,其他,Z99,2026-03-01
600169.SH,其他,Z99,2026-03-01
000035.SZ,其他,Z99,2026-03-01
600082.SH,其他,Z99,2026-03-01
000887.SZ,其他,Z99,2026-03-01
600390.SH,其他,Z99,2026-03-01
600284.SH,其他,Z99,2026-03-01
000700.SZ,其他,Z99,2026-03-01
002249.SZ,其他,Z99,2026-03-01
600323.SH,其他,Z99,2026-03-01
000603.SZ,其他,Z99,2026-03-01
000691.SZ,其他,Z99,2026-03-01
000898.SZ,其他,Z99,2026-03-01
603589.SH,其他,Z99,2026-03-01
000856.SZ,其他,Z99,2026-03-01
600130.SH,其他,Z99,2026-03-01
000422.SZ,其他,Z99,2026-03-01
000510.SZ,其他,Z99,2026-03-01
600339.SH,其他,Z99,2026-03-01
600368.SH,其他,Z99,2026-03-01
000584.SZ,其他,Z99,2026-03-01
002188.SZ,其他,Z99,2026-03-01
689009.SH,其他,Z99,2026-03-01
600113.SH,其他,Z99,2026-03-01
600201.SH,其他,Z99,2026-03-01
688172.SH,其他,Z99,2026-03-01
603806.SH,其他,Z99,2026-03-01
000963.SZ,其他,Z99,2026-03-01
002116.SZ,其他,Z99,2026-03-01
601168.SH,其他,Z99,2026-03-01
300395.SZ,其他,Z99,2026-03-01
600237.SH,其他,Z99,2026-03-01
601098.SH,其他,Z99,2026-03-01
600871.SH,其他,Z99,2026-03-01
000601.SZ,其他,Z99,2026-03-01
000679.SZ,其他,Z99,2026-03-01
002269.SZ,其他,Z99,2026-03-01
600549.SH,其他,Z99,2026-03-01
601880.SH,其他,Z99,2026-03-01
300007.SZ,其他,Z99,2026-03-01
000702.SZ,其他,Z99,2026-03-01
300064.SZ,其他,Z99,2026-03-01
600093.SH,其他,Z99,2026-03-01
600114.SH,其他,Z99,2026-03-01
600009.SH,其他,Z99,2026-03-01
000655.SZ,其他,Z99,2026-03-01
002190.SZ,其他,Z99,2026-03-01
600310.SH,其他,Z99,2026-03-01
000009.SZ,其他,Z99,2026-03-01
600231.SH,其他,Z99,2026-03-01
600333.SH,其他,Z99,2026-03-01
002821.SZ,其他,Z99,2026-03-01
600032.SH,其他,Z99,2026-03-01
000828.SZ,其他,Z99,2026-03-01
688120.SH,其他,Z99,2026-03-01
600998.SH,其他,Z99,2026-03-01
002133.SZ,其他,Z99,2026-03-01
000835.SZ,其他,Z99,2026-03-01
600184.SH,其他,Z99,2026-03-01
300039.SZ,其他,Z99,2026-03-01
600143.SH,其他,Z99,2026-03-01
000665.SZ,其他,Z99,2026-03-01
002085.SZ,其他,Z99,2026-03-01
000606.SZ,其他,Z99,2026-03-01
600801.SH,其他,Z99,2026-03-01
300043.SZ,其他,Z99,2026-03-01
002210.SZ,其他,Z99,2026-03-01
600112.SH,其他,Z99,2026-03-01
600115.SH,其他,Z99,2026-03-01
600163.SH,其他,Z99,2026-03-01
000729.SZ,其他,Z99,2026-03-01
000953.SZ,其他,Z99,2026-03-01
002215.SZ,其他,Z99,2026-03-01
603529.SH,其他,Z99,2026-03-01
601567.SH,其他,Z99,2026-03-01
002062.SZ,其他,Z99,2026-03-01
000617.SZ,其他,Z99,2026-03-01
002020.SZ,其他,Z99,2026-03-01
000021.SZ,其他,Z99,2026-03-01
000895.SZ,其他,Z99,2026-03-01
300095.SZ,其他,Z99,2026-03-01
601928.SH,其他,Z99,2026-03-01
600292.SH,其他,Z99,2026-03-01
000090.SZ,其他,Z99,2026-03-01
000100.SZ,其他,Z99,2026-03-01
688295.SH,其他,Z99,2026-03-01
002161.SZ,其他,Z99,2026-03-01
600180.SH,其他,Z99,2026-03-01
688301.SH,其他,Z99,2026-03-01
002286.SZ,其他,Z99,2026-03-01
002278.SZ,其他,Z99,2026-03-01
000850.SZ,其他,Z99,2026-03-01
601156.SH,其他,Z99,2026-03-01
688297.SH,其他,Z99,2026-03-01
601990.SH,其他,Z99,2026-03-01
600145.SH,其他,Z99,2026-03-01
002155.SZ,其他,Z99,2026-03-01
600387.SH,其他,Z99,2026-03-01
002231.SZ,其他,Z99,2026-03-01
601608.SH,其他,Z99,2026-03-01
002033.SZ,其他,Z99,2026-03-01
600271.SH,其他,Z99,2026-03-01
600318.SH,其他,Z99,2026-03-01
600396.SH,其他,Z99,2026-03-01
000848.SZ,其他,Z99,2026-03-01
000792.SZ,其他,Z99,2026-03-01
300099.SZ,其他,Z99,2026-03-01
600293.SH,其他,Z99,2026-03-01
600562.SH,其他,Z99,2026-03-01
600499.SH,其他,Z99,2026-03-01
601228.SH,其他,Z99,2026-03-01
603486.SH,其他,Z99,2026-03-01
601106.SH,其他,Z99,2026-03-01
300085.SZ,其他,Z99,2026-03-01
002283.SZ,其他,Z99,2026-03-01
002149.SZ,其他,Z99,2026-03-01
600313.SH,其他,Z99,2026-03-01
002139.SZ,其他,Z99,2026-03-01
000620.SZ,其他,Z99,2026-03-01
000599.SZ,其他,Z99,2026-03-01
600256.SH,其他,Z99,2026-03-01
300048.SZ,其他,Z99,2026-03-01
002465.SZ,其他,Z99,2026-03-01
002067.SZ,其他,Z99,2026-03-01
003021.SZ,其他,Z99,2026-03-01
000586.SZ,其他,Z99,2026-03-01
002019.SZ,其他,Z99,2026-03-01
000830.SZ,其他,Z99,2026-03-01
300023.SZ,其他,Z99,2026-03-01
002017.SZ,其他,Z99,2026-03-01
300006.SZ,其他,Z99,2026-03-01
002151.SZ,其他,Z99,2026-03-01
600566.SH,其他,Z99,2026-03-01
002076.SZ,其他,Z99,2026-03-01
002439.SZ,其他,Z99,2026-03-01
601965.SH,其他,Z99,2026-03-01
002087.SZ,其他,Z99,2026-03-01
000688.SZ,其他,Z99,2026-03-01
002004.SZ,其他,Z99,2026-03-01
000960.SZ,其他,Z99,2026-03-01
603707.SH,其他,Z99,2026-03-01
600007.SH,其他,Z99,2026-03-01
600018.SH,其他,Z99,2026-03-01
600188.SH,其他,Z99,2026-03-01
600025.SH,其他,Z99,2026-03-01
000400.SZ,其他,Z99,2026-03-01
600602.SH,其他,Z99,2026-03-01
002044.SZ,其他,Z99,2026-03-01
000951.SZ,其他,Z99,2026-03-01
002039.SZ,其他,Z99,2026-03-01
601799.SH,其他,Z99,2026-03-01
002124.SZ,其他,Z99,2026-03-01
000795.SZ,其他,Z99,2026-03-01
600167.SH,其他,Z99,2026-03-01
000676.SZ,其他,Z99,2026-03-01
600392.SH,其他,Z99,2026-03-01
600076.SH,其他,Z99,2026-03-01
002248.SZ,其他,Z99,2026-03-01
600325.SH,其他,Z99,2026-03-01
600685.SH,其他,Z99,2026-03-01
688676.SH,其他,Z99,2026-03-01
002738.SZ,其他,Z99,2026-03-01
002053.SZ,其他,Z99,2026-03-01
000650.SZ,其他,Z99,2026-03-01
002608.SZ,其他,Z99,2026-03-01
600056.SH,其他,Z99,2026-03-01
000032.SZ,其他,Z99,2026-03-01
000910.SZ,其他,Z99,2026-03-01
000888.SZ,其他,Z99,2026-03-01
002048.SZ,其他,Z99,2026-03-01
600353.SH,其他,Z99,2026-03-01
600241.SH,其他,Z99,2026-03-01
002208.SZ,其他,Z99,2026-03-01
600006.SH,其他,Z99,2026-03-01
000778.SZ,其他,Z99,2026-03-01
002250.SZ,其他,Z99,2026-03-01
000728.SZ,其他,Z99,2026-03-01
603345.SH,其他,Z99,2026-03-01
300036.SZ,其他,Z99,2026-03-01
600121.SH,其他,Z99,2026-03-01
600985.SH,其他,Z99,2026-03-01
600079.SH,其他,Z99,2026-03-01
000719.SZ,其他,Z99,2026-03-01
300090.SZ,其他,Z99,2026-03-01
002150.SZ,其他,Z99,2026-03-01
600995.SH,其他,Z99,2026-03-01
600170.SH,其他,Z99,2026-03-01
002194.SZ,其他,Z99,2026-03-01
000826.SZ,其他,Z99,2026-03-01
600863.SH,其他,Z99,2026-03-01
603228.SH,其他,Z99,2026-03-01
002016.SZ,其他,Z99,2026-03-01
000892.SZ,其他,Z99,2026-03-01
000911.SZ,其他,Z99,2026-03-01
000825.SZ,其他,Z99,2026-03-01
600037.SH,其他,Z99,2026-03-01
600153.SH,其他,Z99,2026-03-01
300071.SZ,其他,Z99,2026-03-01
002077.SZ,其他,Z99,2026-03-01
600269.SH,其他,Z99,2026-03-01
300972.SZ,其他,Z99,2026-03-01
300002.SZ,其他,Z99,2026-03-01
000027.SZ,其他,Z99,2026-03-01
002066.SZ,其他,Z99,2026-03-01
600069.SH,其他,Z99,2026-03-01
300066.SZ,其他,Z99,2026-03-01
002179.SZ,其他,Z99,2026-03-01
600399.SH,其他,Z99,2026-03-01
002851.SZ,其他,Z99,2026-03-01
600360.SH,其他,Z99,2026-03-01
000088.SZ,其他,Z99,2026-03-01
000968.SZ,其他,Z99,2026-03-01
688017.SH,其他,Z99,2026-03-01
688578.SH,其他,Z99,2026-03-01
000727.SZ,其他,Z99,2026-03-01
600362.SH,其他,Z99,2026-03-01
000930.SZ,其他,Z99,2026-03-01
600382.SH,其他,Z99,2026-03-01
000777.SZ,其他,Z99,2026-03-01
000759.SZ,其他,Z99,2026-03-01
000505.SZ,其他,Z99,2026-03-01
600135.SH,其他,Z99,2026-03-01
300285.SZ,其他,Z99,2026-03-01
600290.SH,其他,Z99,2026-03-01
600386.SH,其他,Z99,2026-03-01
600326.SH,其他,Z99,2026-03-01
300052.SZ,其他,Z99,2026-03-01
600137.SH,其他,Z99,2026-03-01
002288.SZ,其他,Z99,2026-03-01
600535.SH,其他,Z99,2026-03-01
601717.SH,其他,Z99,2026-03-01
000630.SZ,有色金属,C32,2026-03-01
002624.SZ,其他,Z99,2026-03-01
002213.SZ,其他,Z99,2026-03-01
600301.SH,其他,Z99,2026-03-01
601918.SH,其他,Z99,2026-03-01
600050.SH,其他,Z99,2026-03-01
603766.SH,其他,Z99,2026-03-01
600737.SH,其他,Z99,2026-03-01
300070.SZ,其他,Z99,2026-03-01
002444.SZ,其他,Z99,2026-03-01
000555.SZ,其他,Z99,2026-03-01
300061.SZ,其他,Z99,2026-03-01
600968.SH,其他,Z99,2026-03-01
600655.SH,其他,Z99,2026-03-01
000783.SZ,其他,Z99,2026-03-01
300072.SZ,其他,Z99,2026-03-01
000034.SZ,其他,Z99,2026-03-01
002054.SZ,其他,Z99,2026-03-01
600216.SH,其他,Z99,2026-03-01
300857.SZ,其他,Z99,2026-03-01
000598.SZ,其他,Z99,2026-03-01
000971.SZ,其他,Z99,2026-03-01
300957.SZ,其他,Z99,2026-03-01
600110.SH,其他,Z99,2026-03-01
000961.SZ,其他,Z99,2026-03-01
600319.SH,其他,Z99,2026-03-01
000668.SZ,其他,Z99,2026-03-01
002266.SZ,其他,Z99,2026-03-01
000695.SZ,其他,Z99,2026-03-01
002229.SZ,其他,Z99,2026-03-01
002084.SZ,其他,Z99,2026-03-01
002079.SZ,其他,Z99,2026-03-01
600019.SH,其他,Z99,2026-03-01
000807.SZ,有色金属,C32,2026-03-01
600260.SH,其他,Z99,2026-03-01
600229.SH,其他,Z99,2026-03-01
000042.SZ,其他,Z99,2026-03-01
000708.SZ,其他,Z99,2026-03-01
002025.SZ,其他,Z99,2026-03-01
600337.SH,其他,Z99,2026-03-01
688375.SH,其他,Z99,2026-03-01
002153.SZ,其他,Z99,2026-03-01
600017.SH,其他,Z99,2026-03-01
000028.SZ,其他,Z99,2026-03-01
600308.SH,其他,Z99,2026-03-01
600218.SH,其他,Z99,2026-03-01
002073.SZ,其他,Z99,2026-03-01
300623.SZ,其他,Z99,2026-03-01
000908.SZ,其他,Z99,2026-03-01
600200.SH,其他,Z99,2026-03-01
688692.SH,其他,Z99,2026-03-01
300373.SZ,其他,Z99,2026-03-01
000768.SZ,其他,Z99,2026-03-01
600338.SH,其他,Z99,2026-03-01
000540.SZ,其他,Z99,2026-03-01
600203.SH,其他,Z99,2026-03-01
000685.SZ,其他,Z99,2026-03-01
000692.SZ,其他,Z99,2026-03-01
002841.SZ,其他,Z99,2026-03-01
002402.SZ,其他,Z99,2026-03-01
600139.SH,其他,Z99,2026-03-01
002202.SZ,其他,Z99,2026-03-01
601921.SH,其他,Z99,2026-03-01
000802.SZ,其他,Z99,2026-03-01
000550.SZ,其他,Z99,2026-03-01
000561.SZ,其他,Z99,2026-03-01
002270.SZ,其他,Z99,2026-03-01
000595.SZ,其他,Z99,2026-03-01
600322.SH,其他,Z99,2026-03-01
000838.SZ,其他,Z99,2026-03-01
002385.SZ,其他,Z99,2026-03-01
002126.SZ,其他,Z99,2026-03-01
000631.SZ,其他,Z99,2026-03-01
600217.SH,其他,Z99,2026-03-01
000868.SZ,其他,Z99,2026-03-01
000959.SZ,其他,Z99,2026-03-01
000927.SZ,其他,Z99,2026-03-01
300098.SZ,其他,Z99,2026-03-01
002057.SZ,其他,Z99,2026-03-01
600288.SH,其他,Z99,2026-03-01
600239.SH,其他,Z99,2026-03-01
000530.SZ,其他,Z99,2026-03-01
601216.SH,其他,Z99,2026-03-01
000725.SZ,电子,C39,2026-03-01
000901.SZ,其他,Z99,2026-03-01
600119.SH,其他,Z99,2026-03-01
002141.SZ,其他,Z99,2026-03-01
603833.SH,其他,Z99,2026-03-01
600222.SH,其他,Z99,2026-03-01
002112.SZ,其他,Z99,2026-03-01
002218.SZ,其他,Z99,2026-03-01
002214.SZ,其他,Z99,2026-03-01
600026.SH,交通运输,G53,2026-03-01
600312.SH,其他,Z99,2026-03-01
002432.SZ,其他,Z99,2026-03-01
002276.SZ,其他,Z99,2026-03-01
600008.SH,其他,Z99,2026-03-01
300020.SZ,其他,Z99,2026-03-01
000902.SZ,其他,Z99,2026-03-01
000920.SZ,其他,Z99,2026-03-01
600252.SH,其他,Z99,2026-03-01
600098.SH,其他,Z99,2026-03-01
002243.SZ,其他,Z99,2026-03-01
000762.SZ,其他,Z99,2026-03-01
600196.SH,其他,Z99,2026-03-01
688599.SH,其他,Z99,2026-03-01
600393.SH,其他,Z99,2026-03-01
002299.SZ,其他,Z99,2026-03-01
688065.SH,其他,Z99,2026-03-01
000756.SZ,其他,Z99,2026-03-01
002104.SZ,其他,Z99,2026-03-01
600754.SH,其他,Z99,2026-03-01
600259.SH,其他,Z99,2026-03-01
002204.SZ,其他,Z99,2026-03-01
000877.SZ,其他,Z99,2026-03-01
000860.SZ,其他,Z99,2026-03-01
000587.SZ,其他,Z99,2026-03-01
000909.SZ,其他,Z99,2026-03-01
300919.SZ,其他,Z99,2026-03-01
002290.SZ,其他,Z99,2026-03-01
002144.SZ,其他,Z99,2026-03-01
601128.SH,其他,Z99,2026-03-01
600704.SH,其他,Z99,2026-03-01
600977.SH,其他,Z99,2026-03-01
000687.SZ,其他,Z99,2026-03-01
300751.SZ,其他,Z99,2026-03-01
000615.SZ,其他,Z99,2026-03-01
002335.SZ,其他,Z99,2026-03-01
002353.SZ,其他,Z99,2026-03-01
002298.SZ,其他,Z99,2026-03-01
000738.SZ,其他,Z99,2026-03-01
002282.SZ,其他,Z99,2026-03-01
002129.SZ,其他,Z99,2026-03-01
000780.SZ,其他,Z99,2026-03-01
000889.SZ,其他,Z99,2026-03-01
301200.SZ,其他,Z99,2026-03-01
000929.SZ,其他,Z99,2026-03-01
600927.SH,其他,Z99,2026-03-01
002241.SZ,其他,Z99,2026-03-01
300049.SZ,其他,Z99,2026-03-01
600023.SH,其他,Z99,2026-03-01
600763.SH,其他,Z99,2026-03-01
000977.SZ,其他,Z99,2026-03-01
601865.SH,其他,Z99,2026-03-01
600103.SH,其他,Z99,2026-03-01
000061.SZ,其他,Z99,2026-03-01
600699.SH,其他,Z99,2026-03-01
688019.SH,其他,Z99,2026-03-01
000701.SZ,其他,Z99,2026-03-01
300046.SZ,其他,Z99,2026-03-01
300142.SZ,其他,Z99,2026-03-01
600096.SH,其他,Z99,2026-03-01
600348.SH,其他,Z99,2026-03-01
600080.SH,其他,Z99,2026-03-01
002189.SZ,其他,Z99,2026-03-01
600536.SH,其他,Z99,2026-03-01
002013.SZ,其他,Z99,2026-03-01
000626.SZ,其他,Z99,2026-03-01
600166.SH,其他,Z99,2026-03-01
002114.SZ,其他,Z99,2026-03-01
601577.SH,其他,Z99,2026-03-01
300065.SZ,其他,Z99,2026-03-01
002280.SZ,其他,Z99,2026-03-01
002041.SZ,其他,Z99,2026-03-01
300567.SZ,其他,Z99,2026-03-01
601615.SH,其他,Z99,2026-03-01
000982.SZ,其他,Z99,2026-03-01
300054.SZ,其他,Z99,2026-03-01
000876.SZ,其他,Z99,2026-03-01
002032.SZ,其他,Z99,2026-03-01
002183.SZ,其他,Z99,2026-03-01
600062.SH,其他,Z99,2026-03-01
002147.SZ,其他,Z99,2026-03-01
002926.SZ,其他,Z99,2026-03-01
600273.SH,其他,Z99,2026-03-01
600266.SH,其他,Z99,2026-03-01
601699.SH,其他,Z99,2026-03-01
000089.SZ,其他,Z99,2026-03-01
600209.SH,其他,Z99,2026-03-01
002272.SZ,其他,Z99,2026-03-01
603156.SH,其他,Z99,2026-03-01
600583.SH,其他,Z99,2026-03-01
000596.SZ,其他,Z99,2026-03-01
002939.SZ,其他,Z99,2026-03-01
000060.SZ,其他,Z99,2026-03-01
600048.SH,其他,Z99,2026-03-01
000967.SZ,其他,Z99,2026-03-01
000078.SZ,其他,Z99,2026-03-01
000726.SZ,其他,Z99,2026-03-01
002211.SZ,其他,Z99,2026-03-01
603129.SH,其他,Z99,2026-03-01
300024.SZ,其他,Z99,2026-03-01
603650.SH,其他,Z99,2026-03-01
002256.SZ,其他,Z99,2026-03-01
600884.SH,其他,Z99,2026-03-01
600303.SH,其他,Z99,2026-03-01
002201.SZ,其他,Z99,2026-03-01
000990.SZ,其他,Z99,2026-03-01
000733.SZ,其他,Z99,2026-03-01
000732.SZ,其他,Z99,2026-03-01
002181.SZ,其他,Z99,2026-03-01
600340.SH,其他,Z99,2026-03-01
300144.SZ,其他,Z99,2026-03-01
600637.SH,其他,Z99,2026-03-01
300146.SZ,其他,Z99,2026-03-01
300097.SZ,其他,Z99,2026-03-01
600383.SH,其他,Z99,2026-03-01
000918.SZ,其他,Z99,2026-03-01
300677.SZ,其他,Z99,2026-03-01
600066.SH,机械设备,C35,2026-03-01
300074.SZ,其他,Z99,2026-03-01
300757.SZ,其他,Z99,2026-03-01
300207.SZ,其他,Z99,2026-03-01
600015.SH,其他,Z99,2026-03-01
000752.SZ,其他,Z99,2026-03-01
600132.SH,其他,Z99,2026-03-01
600095.SH,其他,Z99,2026-03-01
600210.SH,其他,Z99,2026-03-01
600220.SH,其他,Z99,2026-03-01
000785.SZ,其他,Z99,2026-03-01
002230.SZ,其他,Z99,2026-03-01
603885.SH,其他,Z99,2026-03-01
000662.SZ,其他,Z99,2026-03-01
600820.SH,其他,Z99,2026-03-01
000657.SZ,其他,Z99,2026-03-01
600381.SH,其他,Z99,2026-03-01
000972.SZ,其他,Z99,2026-03-01
600988.SH,其他,Z99,2026-03-01
000721.SZ,其他,Z99,2026-03-01
600388.SH,其他,Z99,2026-03-01
600212.SH,其他,Z99,2026-03-01
000815.SZ,其他,Z99,2026-03-01
300604.SZ,其他,Z99,2026-03-01
600085.SH,其他,Z99,2026-03-01
000155.SZ,其他,Z99,2026-03-01
600173.SH,其他,Z99,2026-03-01
600320.SH,其他,Z99,2026-03-01
000538.SZ,其他,Z99,2026-03-01
688582.SH,其他,Z99,2026-03-01
600100.SH,其他,Z99,2026-03-01
000799.SZ,其他,Z99,2026-03-01
000789.SZ,其他,Z99,2026-03-01
600528.SH,其他,Z99,2026-03-01
600330.SH,其他,Z99,2026-03-01
000627.SZ,其他,Z99,2026-03-01
600385.SH,其他,Z99,2026-03-01
002296.SZ,其他,Z99,2026-03-01
002031.SZ,其他,Z99,2026-03-01
600126.SH,其他,Z99,2026-03-01
601019.SH,其他,Z99,2026-03-01
300096.SZ,其他,Z99,2026-03-01
002096.SZ,其他,Z99,2026-03-01
600193.SH,其他,Z99,2026-03-01
002268.SZ,其他,Z99,2026-03-01
601333.SH,其他,Z99,2026-03-01
000713.SZ,其他,Z99,2026-03-01
002291.SZ,其他,Z99,2026-03-01
600198.SH,其他,Z99,2026-03-01
002340.SZ,其他,Z99,2026-03-01
600967.SH,其他,Z99,2026-03-01
600363.SH,其他,Z99,2026-03-01
002024.SZ,其他,Z99,2026-03-01
000886.SZ,其他,Z99,2026-03-01
600063.SH,其他,Z99,2026-03-01
002414.SZ,其他,Z99,2026-03-01
300018.SZ,其他,Z99,2026-03-01
600057.SH,其他,Z99,2026-03-01
002517.SZ,其他,Z99,2026-03-01
600211.SH,其他,Z99,2026-03-01
600287.SH,其他,Z99,2026-03-01
002098.SZ,其他,Z99,2026-03-01
300030.SZ,其他,Z99,2026-03-01
603659.SH,其他,Z99,2026-03-01
688027.SH,其他,Z99,2026-03-01
002252.SZ,其他,Z99,2026-03-01
601997.SH,其他,Z99,2026-03-01
002099.SZ,其他,Z99,2026-03-01
603658.SH,其他,Z99,2026-03-01
600272.SH,其他,Z99,2026-03-01
000936.SZ,其他,Z99,2026-03-01
000823.SZ,其他,Z99,2026-03-01
600389.SH,其他,Z99,2026-03-01
600354.SH,其他,Z99,2026-03-01
002273.SZ,其他,Z99,2026-03-01
600642.SH,其他,Z99,2026-03-01
600257.SH,其他,Z99,2026-03-01
300081.SZ,其他,Z99,2026-03-01
600276.SH,其他,Z99,2026-03-01
002430.SZ,其他,Z99,2026-03-01
002146.SZ,其他,Z99,2026-03-01
688709.SH,其他,Z99,2026-03-01
300032.SZ,其他,Z99,2026-03-01
600072.SH,其他,Z99,2026-03-01
000605.SZ,其他,Z99,2026-03-01
000779.SZ,其他,Z99,2026-03-01
603699.SH,其他,Z99,2026-03-01
002075.SZ,其他,Z99,2026-03-01
300045.SZ,其他,Z99,2026-03-01
002145.SZ,其他,Z99,2026-03-01
600077.SH,其他,Z99,2026-03-01
600158.SH,其他,Z99,2026-03-01
688778.SH,其他,Z99,2026-03-01
000923.SZ,其他,Z99,2026-03-01
000938.SZ,其他,Z99,2026-03-01
300601.SZ,其他,Z99,2026-03-01
000933.SZ,其他,Z99,2026-03-01
688278.SH,其他,Z99,2026-03-01
600328.SH,其他,Z99,2026-03-01
002292.SZ,其他,Z99,2026-03-01
600157.SH,其他,Z99,2026-03-01
000722.SZ,其他,Z99,2026-03-01
688002.SH,其他,Z99,2026-03-01
600223.SH,其他,Z99,2026-03-01
000609.SZ,其他,Z99,2026-03-01
301498.SZ,其他,Z99,2026-03-01
688100.SH,其他,Z99,2026-03-01
002285.SZ,其他,Z99,2026-03-01
001389.SZ,其他,Z99,2026-03-01
000790.SZ,其他,Z99,2026-03-01
600275.SH,其他,Z99,2026-03-01
000962.SZ,其他,Z99,2026-03-01
600094.SH,其他,Z99,2026-03-01
600285.SH,其他,Z99,2026-03-01
600268.SH,其他,Z99,2026-03-01
000503.SZ,其他,Z99,2026-03-01
000988.SZ,其他,Z99,2026-03-01
300069.SZ,其他,Z99,2026-03-01
002100.SZ,其他,Z99,2026-03-01
002136.SZ,其他,Z99,2026-03-01
600909.SH,其他,Z99,2026-03-01
000539.SZ,其他,Z99,2026-03-01
002069.SZ,其他,Z99,2026-03-01
002047.SZ,其他,Z99,2026-03-01
000698.SZ,其他,Z99,2026-03-01
002237.SZ,其他,Z99,2026-03-01
600075.SH,其他,Z99,2026-03-01
000983.SZ,其他,Z99,2026-03-01
000709.SZ,其他,Z99,2026-03-01
300001.SZ,其他,Z99,2026-03-01
300027.SZ,其他,Z99,2026-03-01
002063.SZ,其他,Z99,2026-03-01
000875.SZ,其他,Z99,2026-03-01
002233.SZ,其他,Z99,2026-03-01
000625.SZ,其他,Z99,2026-03-01
600356.SH,其他,Z99,2026-03-01
600563.SH,其他,Z99,2026-03-01
002163.SZ,其他,Z99,2026-03-01
600101.SH,其他,Z99,2026-03-01
600185.SH,其他,Z99,2026-03-01
688037.SH,其他,Z99,2026-03-01
002508.SZ,其他,Z99,2026-03-01
600149.SH,其他,Z99,2026-03-01
002034.SZ,其他,Z99,2026-03-01
000716.SZ,其他,Z99,2026-03-01
002773.SZ,其他,Z99,2026-03-01
600355.SH,其他,Z99,2026-03-01
002216.SZ,其他,Z99,2026-03-01
300091.SZ,其他,Z99,2026-03-01
002042.SZ,其他,Z99,2026-03-01
600084.SH,其他,Z99,2026-03-01
000810.SZ,其他,Z99,2026-03-01
600136.SH,其他,Z99,2026-03-01
603858.SH,其他,Z99,2026-03-01
000635.SZ,其他,Z99,2026-03-01
300053.SZ,其他,Z99,2026-03-01
300050.SZ,其他,Z99,2026-03-01
600380.SH,其他,Z99,2026-03-01
688819.SH,其他,Z99,2026-03-01
600012.SH,其他,Z99,2026-03-01
000782.SZ,其他,Z99,2026-03-01
002130.SZ,其他,Z99,2026-03-01
600138.SH,其他,Z99,2026-03-01
000677.SZ,其他,Z99,2026-03-01
002277.SZ,其他,Z99,2026-03-01
002227.SZ,其他,Z99,2026-03-01
300676.SZ,其他,Z99,2026-03-01
601000.SH,其他,Z99,2026-03-01
002166.SZ,其他,Z99,2026-03-01
601696.SH,其他,Z99,2026-03-01
002180.SZ,其他,Z99,2026-03-01
002234.SZ,其他,Z99,2026-03-01
002015.SZ,其他,Z99,2026-03-01
002226.SZ,其他,Z99,2026-03-01
002244.SZ,其他,Z99,2026-03-01
000739.SZ,其他,Z99,2026-03-01
600021.SH,其他,Z99,2026-03-01
002193.SZ,其他,Z99,2026-03-01
002083.SZ,其他,Z99,2026-03-01
002203.SZ,其他,Z99,2026-03-01
000985.SZ,其他,Z99,2026-03-01
600262.SH,其他,Z99,2026-03-01
000966.SZ,其他,Z99,2026-03-01
601099.SH,其他,Z99,2026-03-01
000937.SZ,其他,Z99,2026-03-01
600250.SH,其他,Z99,2026-03-01
600073.SH,其他,Z99,2026-03-01
300012.SZ,其他,Z99,2026-03-01
600117.SH,其他,Z99,2026-03-01
600091.SH,其他,Z99,2026-03-01
002068.SZ,其他,Z99,2026-03-01
000652.SZ,其他,Z99,2026-03-01
600873.SH,其他,Z99,2026-03-01
000913.SZ,其他,Z99,2026-03-01
002082.SZ,其他,Z99,2026-03-01
600090.SH,其他,Z99,2026-03-01
603786.SH,其他,Z99,2026-03-01
000717.SZ,其他,Z99,2026-03-01
688608.SH,其他,Z99,2026-03-01
600160.SH,化工,C26,2026-03-01
300015.SZ,其他,Z99,2026-03-01
688363.SH,其他,Z99,2026-03-01
002739.SZ,其他,Z99,2026-03-01
002837.SZ,其他,Z99,2026-03-01
603979.SH,其他,Z99,2026-03-01
000050.SZ,其他,Z99,2026-03-01
000612.SZ,其他,Z99,2026-03-01
000553.SZ,其他,Z99,2026-03-01
603298.SH,其他,Z99,2026-03-01
002206.SZ,其他,Z99,2026-03-01
600000.SH,银行,J66,2026-03-01
600345.SH,其他,Z99,2026-03-01
600131.SH,其他,Z99,2026-03-01
688475.SH,其他,Z99,2026-03-01
688629.SH,其他,Z99,2026-03-01
300450.SZ,其他,Z99,2026-03-01
002050.SZ,其他,Z99,2026-03-01
603899.SH,其他,Z99,2026-03-01
600521.SH,其他,Z99,2026-03-01
000516.SZ,其他,Z99,2026-03-01
000705.SZ,其他,Z99,2026-03-01
600088.SH,其他,Z99,2026-03-01
300724.SZ,其他,Z99,2026-03-01
000039.SZ,其他,Z99,2026-03-01
002113.SZ,其他,Z99,2026-03-01
002103.SZ,其他,Z99,2026-03-01
000816.SZ,其他,Z99,2026-03-01
002209.SZ,其他,Z99,2026-03-01
002089.SZ,其他,Z99,2026-03-01
600089.SH,其他,Z99,2026-03-01
002036.SZ,其他,Z99,2026-03-01
600178.SH,其他,Z99,2026-03-01
600361.SH,其他,Z99,2026-03-01
000987.SZ,其他,Z99,2026-03-01
600141.SH,其他,Z99,2026-03-01
600097.SH,其他,Z99,2026-03-01
000965.SZ,其他,Z99,2026-03-01
600395.SH,其他,Z99,2026-03-01
000683.SZ,其他,Z99,2026-03-01
000059.SZ,其他,Z99,2026-03-01
600105.SH,其他,Z99,2026-03-01
603341.SH,其他,Z99,2026-03-01
600739.SH,其他,Z99,2026-03-01
600060.SH,其他,Z99,2026-03-01
603939.SH,其他,Z99,2026-03-01
002086.SZ,其他,Z99,2026-03-01
000859.SZ,其他,Z99,2026-03-01
002118.SZ,其他,Z99,2026-03-01
000829.SZ,其他,Z99,2026-03-01
002284.SZ,其他,Z99,2026-03-01
000996.SZ,其他,Z99,2026-03-01
002061.SZ,其他,Z99,2026-03-01
000158.SZ,其他,Z99,2026-03-01
002176.SZ,其他,Z99,2026-03-01
600120.SH,其他,Z99,2026-03-01
300057.SZ,其他,Z99,2026-03-01
600302.SH,其他,Z99,2026-03-01
000663.SZ,其他,Z99,2026-03-01
002409.SZ,其他,Z99,2026-03-01
000958.SZ,其他,Z99,2026-03-01
000629.SZ,其他,Z99,2026-03-01
600067.SH,其他,Z99,2026-03-01
688425.SH,其他,Z99,2026-03-01
000900.SZ,其他,Z99,2026-03-01
600765.SH,其他,Z99,2026-03-01
600248.SH,其他,Z99,2026-03-01
600848.SH,其他,Z99,2026-03-01
600116.SH,其他,Z99,2026-03-01
000572.SZ,其他,Z99,2026-03-01
300079.SZ,其他,Z99,2026-03-01
000401.SZ,其他,Z99,2026-03-01
300040.SZ,其他,Z99,2026-03-01
600236.SH,其他,Z99,2026-03-01
002038.SZ,其他,Z99,2026-03-01
002436.SZ,其他,Z99,2026-03-01
600316.SH,其他,Z99,2026-03-01
002984.SZ,其他,Z99,2026-03-01
002121.SZ,其他,Z99,2026-03-01
000735.SZ,其他,Z99,2026-03-01
002072.SZ,其他,Z99,2026-03-01
688728.SH,其他,Z99,2026-03-01
002107.SZ,其他,Z99,2026-03-01
000543.SZ,其他,Z99,2026-03-01
600064.SH,其他,Z99,2026-03-01
002156.SZ,其他,Z99,2026-03-01
002254.SZ,其他,Z99,2026-03-01
600099.SH,其他,Z99,2026-03-01
300390.SZ,其他,Z99,2026-03-01
002583.SZ,其他,Z99,2026-03-01
600179.SH,其他,Z99,2026-03-01
600148.SH,其他,Z99,2026-03-01
601991.SH,其他,Z99,2026-03-01
002157.SZ,其他,Z99,2026-03-01
000905.SZ,其他,Z99,2026-03-01
002140.SZ,其他,Z99,2026-03-01
600369.SH,其他,Z99,2026-03-01
000531.SZ,其他,Z99,2026-03-01
000737.SZ,其他,Z99,2026-03-01
002142.SZ,其他,Z99,2026-03-01
002221.SZ,其他,Z99,2026-03-01
000547.SZ,其他,Z99,2026-03-01
600300.SH,其他,Z99,2026-03-01
000791.SZ,其他,Z99,2026-03-01
002078.SZ,其他,Z99,2026-03-01
600258.SH,其他,Z99,2026-03-01
300082.SZ,其他,Z99,2026-03-01
002429.SZ,其他,Z99,2026-03-01
300025.SZ,其他,Z99,2026-03-01
300016.SZ,其他,Z99,2026-03-01
000682.SZ,其他,Z99,2026-03-01
000758.SZ,其他,Z99,2026-03-01
002071.SZ,其他,Z99,2026-03-01
300100.SZ,其他,Z99,2026-03-01
000813.SZ,其他,Z99,2026-03-01
300029.SZ,其他,Z99,2026-03-01
000750.SZ,其他,Z99,2026-03-01
300003.SZ,其他,Z99,2026-03-01
688772.SH,其他,Z99,2026-03-01
000926.SZ,其他,Z99,2026-03-01
601016.SH,其他,Z99,2026-03-01
688615.SH,其他,Z99,2026-03-01
000970.SZ,其他,Z99,2026-03-01
002966.SZ,其他,Z99,2026-03-01
600107.SH,其他,Z99,2026-03-01
601198.SH,其他,Z99,2026-03-01
300058.SZ,其他,Z99,2026-03-01
000948.SZ,其他,Z99,2026-03-01
000159.SZ,其他,Z99,2026-03-01
600901.SH,其他,Z99,2026-03-01
300748.SZ,其他,Z99,2026-03-01
300383.SZ,其他,Z99,2026-03-01
002219.SZ,其他,Z99,2026-03-01
002117.SZ,其他,Z99,2026-03-01
000836.SZ,其他,Z99,2026-03-01
002177.SZ,其他,Z99,2026-03-01
002108.SZ,其他,Z99,2026-03-01
000656.SZ,其他,Z99,2026-03-01
002253.SZ,其他,Z99,2026-03-01
603077.SH,其他,Z99,2026-03-01
000056.SZ,其他,Z99,2026-03-01
600885.SH,其他,Z99,2026-03-01
600498.SH,其他,Z99,2026-03-01
002251.SZ,其他,Z99,2026-03-01
000504.SZ,其他,Z99,2026-03-01
603688.SH,其他,Z99,2026-03-01
002027.SZ,其他,Z99,2026-03-01
603737.SH,其他,Z99,2026-03-01
300073.SZ,其他,Z99,2026-03-01
600165.SH,其他,Z99,2026-03-01
600578.SH,其他,Z99,2026-03-01
603160.SH,其他,Z99,2026-03-01
002235.SZ,其他,Z99,2026-03-01
002055.SZ,其他,Z99,2026-03-01
000610.SZ,其他,Z99,2026-03-01
300080.SZ,其他,Z99,2026-03-01
600133.SH,其他,Z99,2026-03-01
601212.SH,其他,Z99,2026-03-01
002199.SZ,其他,Z99,2026-03-01
300014.SZ,其他,Z99,2026-03-01
002220.SZ,其他,Z99,2026-03-01
002175.SZ,其他,Z99,2026-03-01
600172.SH,其他,Z99,2026-03-01
600329.SH,其他,Z99,2026-03-01
600150.SH,其他,Z99,2026-03-01
000906.SZ,其他,Z99,2026-03-01
000935.SZ,其他,Z99,2026-03-01
600315.SH,其他,Z99,2026-03-01
600213.SH,其他,Z99,2026-03-01
300075.SZ,其他,Z99,2026-03-01
000519.SZ,其他,Z99,2026-03-01
000623.SZ,其他,Z99,2026-03-01
600255.SH,其他,Z99,2026-03-01
300223.SZ,其他,Z99,2026-03-01
002101.SZ,其他,Z99,2026-03-01
000731.SZ,其他,Z99,2026-03-01
000928.SZ,其他,Z99,2026-03-01
600511.SH,其他,Z99,2026-03-01
002009.SZ,其他,Z99,2026-03-01
688336.SH,其他,Z99,2026-03-01
600398.SH,其他,Z99,2026-03-01
600108.SH,其他,Z99,2026-03-01
300004.SZ,其他,Z99,2026-03-01
002472.SZ,其他,Z99,2026-03-01
600027.SH,电力设备,C38,2026-03-01
000012.SZ,其他,Z99,2026-03-01
600152.SH,其他,Z99,2026-03-01
002259.SZ,其他,Z99,2026-03-01
002242.SZ,其他,Z99,2026-03-01
300627.SZ,其他,Z99,2026-03-01
000563.SZ,其他,Z99,2026-03-01
000707.SZ,其他,Z99,2026-03-01
000981.SZ,其他,Z99,2026-03-01
601611.SH,其他,Z99,2026-03-01
600663.SH,其他,Z99,2026-03-01
688349.SH,其他,Z99,2026-03-01
601155.SH,其他,Z99,2026-03-01
000751.SZ,其他,Z99,2026-03-01
000950.SZ,其他,Z99,2026-03-01
001286.SZ,其他,Z99,2026-03-01
688347.SH,其他,Z99,2026-03-01
000593.SZ,其他,Z99,2026-03-01
002043.SZ,其他,Z99,2026-03-01
600235.SH,其他,Z99,2026-03-01
000993.SZ,其他,Z99,2026-03-01
000975.SZ,有色金属,C32,2026-03-01
002005.SZ,其他,Z99,2026-03-01
002119.SZ,其他,Z99,2026-03-01
600031.SH,其他,Z99,2026-03-01
000931.SZ,其他,Z99,2026-03-01
000833.SZ,其他,Z99,2026-03-01
002090.SZ,其他,Z99,2026-03-01
002173.SZ,其他,Z99,2026-03-01
600376.SH,其他,Z99,2026-03-01
002198.SZ,其他,Z99,2026-03-01
002293.SZ,其他,Z99,2026-03-01
000651.SZ,家电,C38,2026-03-01
000883.SZ,其他,Z99,2026-03-01
000536.SZ,其他,Z99,2026-03-01
601162.SH,其他,Z99,2026-03-01
600370.SH,其他,Z99,2026-03-01
002797.SZ,其他,Z99,2026-03-01
000415.SZ,其他,Z99,2026-03-01
002287.SZ,其他,Z99,2026-03-01
600038.SH,其他,Z99,2026-03-01
002945.SZ,其他,Z99,2026-03-01
301358.SZ,其他,Z99,2026-03-01
002683.SZ,其他,Z99,2026-03-01
000564.SZ,其他,Z99,2026-03-01
600022.SH,其他,Z99,2026-03-01
600371.SH,其他,Z99,2026-03-01
600517.SH,其他,Z99,2026-03-01
603565.SH,其他,Z99,2026-03-01
002294.SZ,其他,Z99,2026-03-01
002239.SZ,其他,Z99,2026-03-01
300094.SZ,其他,Z99,2026-03-01
600227.SH,其他,Z99,2026-03-01
300042.SZ,其他,Z99,2026-03-01
000423.SZ,其他,Z99,2026-03-01
000671.SZ,其他,Z99,2026-03-01
600582.SH,其他,Z99,2026-03-01
600580.SH,其他,Z99,2026-03-01
003022.SZ,其他,Z99,2026-03-01
300888.SZ,其他,Z99,2026-03-01
000757.SZ,其他,Z99,2026-03-01
000703.SZ,其他,Z99,2026-03-01
002134.SZ,其他,Z99,2026-03-01
600187.SH,其他,Z99,2026-03-01
600104.SH,其他,Z99,2026-03-01
301536.SZ,其他,Z99,2026-03-01
600321.SH,其他,Z99,2026-03-01
600033.SH,其他,Z99,2026-03-01
002080.SZ,其他,Z99,2026-03-01
600219.SH,其他,Z99,2026-03-01
000520.SZ,其他,Z99,2026-03-01
300076.SZ,其他,Z99,2026-03-01
000667.SZ,其他,Z99,2026-03-01
600078.SH,其他,Z99,2026-03-01
300487.SZ,其他,Z99,2026-03-01
000978.SZ,其他,Z99,2026-03-01
300021.SZ,其他,Z99,2026-03-01
600058.SH,其他,Z99,2026-03-01
000425.SZ,其他,Z99,2026-03-01
000998.SZ,其他,Z99,2026-03-01
000666.SZ,其他,Z99,2026-03-01
300570.SZ,其他,Z99,2026-03-01
002088.SZ,其他,Z99,2026-03-01
000893.SZ,其他,Z99,2026-03-01
300084.SZ,其他,Z99,2026-03-01
600035.SH,其他,Z99,2026-03-01
000811.SZ,其他,Z99,2026-03-01
600016.SH,其他,Z99,2026-03-01
000912.SZ,其他,Z99,2026-03-01
603728.SH,其他,Z99,2026-03-01
002595.SZ,其他,Z99,2026-03-01
600122.SH,其他,Z99,2026-03-01
002461.SZ,其他,Z99,2026-03-01
002158.SZ,其他,Z99,2026-03-01
600297.SH,其他,Z99,2026-03-01
002225.SZ,其他,Z99,2026-03-01
600215.SH,其他,Z99,2026-03-01
002021.SZ,其他,Z99,2026-03-01
000786.SZ,其他,Z99,2026-03-01
002060.SZ,其他,Z99,2026-03-01
600366.SH,其他,Z99,2026-03-01
600168.SH,其他,Z99,2026-03-01
000697.SZ,其他,Z99,2026-03-01
002184.SZ,其他,Z99,2026-03-01
000862.SZ,其他,Z99,2026-03-01
002154.SZ,其他,Z99,2026-03-01
603233.SH,其他,Z99,2026-03-01
000890.SZ,其他,Z99,2026-03-01
600397.SH,其他,Z99,2026-03-01
301308.SZ,其他,Z99,2026-03-01
000559.SZ,其他,Z99,2026-03-01
600128.SH,其他,Z99,2026-03-01
600707.SH,其他,Z99,2026-03-01
002051.SZ,其他,Z99,2026-03-01
600486.SH,其他,Z99,2026-03-01
000796.SZ,其他,Z99,2026-03-01
000837.SZ,其他,Z99,2026-03-01
000548.SZ,其他,Z99,2026-03-01
600311.SH,其他,Z99,2026-03-01
600125.SH,其他,Z99,2026-03-01
002238.SZ,其他,Z99,2026-03-01
300083.SZ,其他,Z99,2026-03-01
600267.SH,其他,Z99,2026-03-01
300009.SZ,其他,Z99,2026-03-01
300092.SZ,其他,Z99,2026-03-01
002178.SZ,其他,Z99,2026-03-01
002097.SZ,其他,Z99,2026-03-01
000852.SZ,其他,Z99,2026-03-01
300017.SZ,其他,Z99,2026-03-01
300529.SZ,其他,Z99,2026-03-01
601108.SH,其他,Z99,2026-03-01
000820.SZ,其他,Z99,2026-03-01
000788.SZ,其他,Z99,2026-03-01
002205.SZ,其他,Z99,2026-03-01
601958.SH,其他,Z99,2026-03-01
600129.SH,其他,Z99,2026-03-01
600081.SH,其他,Z99,2026-03-01
601866.SH,其他,Z99,2026-03-01
002123.SZ,其他,Z99,2026-03-01
688166.SH,其他,Z99,2026-03-01
002152.SZ,其他,Z99,2026-03-01
000582.SZ,其他,Z99,2026-03-01
000720.SZ,其他,Z99,2026-03-01
002006.SZ,其他,Z99,2026-03-01
000030.SZ,其他,Z99,2026-03-01
002756.SZ,其他,Z99,2026-03-01
002262.SZ,其他,Z99,2026-03-01
600161.SH,医药生物,C27,2026-03-01
000055.SZ,其他,Z99,2026-03-01
600289.SH,其他,Z99,2026-03-01
000921.SZ,其他,Z99,2026-03-01
300041.SZ,其他,Z99,2026-03-01
600327.SH,其他,Z99,2026-03-01
688114.SH,其他,Z99,2026-03-01
300087.SZ,其他,Z99,2026-03-01
605358.SH,其他,Z99,2026-03-01
000636.SZ,其他,Z99,2026-03-01
600230.SH,其他,Z99,2026-03-01
000066.SZ,其他,Z99,2026-03-01
000678.SZ,其他,Z99,2026-03-01
600379.SH,其他,Z99,2026-03-01
000672.SZ,其他,Z99,2026-03-01
002281.SZ,其他,Z99,2026-03-01
002187.SZ,其他,Z99,2026-03-01
600279.SH,其他,Z99,2026-03-01
600197.SH,其他,Z99,2026-03-01
600282.SH,其他,Z99,2026-03-01
002022.SZ,其他,Z99,2026-03-01
000806.SZ,其他,Z99,2026-03-01
600159.SH,其他,Z99,2026-03-01
600208.SH,其他,Z99,2026-03-01
002603.SZ,其他,Z99,2026-03-01
688052.SH,其他,Z99,2026-03-01
000949.SZ,其他,Z99,2026-03-01
603290.SH,其他,Z99,2026-03-01
000628.SZ,其他,Z99,2026-03-01
603000.SH,其他,Z99,2026-03-01
000976.SZ,其他,Z99,2026-03-01
000712.SZ,其他,Z99,2026-03-01
000897.SZ,其他,Z99,2026-03-01
002240.SZ,其他,Z99,2026-03-01
603225.SH,其他,Z99,2026-03-01
002127.SZ,其他,Z99,2026-03-01
600238.SH,其他,Z99,2026-03-01
002297.SZ,其他,Z99,2026-03-01
000885.SZ,其他,Z99,2026-03-01
000995.SZ,其他,Z99,2026-03-01
600162.SH,其他,Z99,2026-03-01
002255.SZ,其他,Z99,2026-03-01
002263.SZ,其他,Z99,2026-03-01
600335.SH,其他,Z99,2026-03-01
002159.SZ,其他,Z99,2026-03-01
600155.SH,其他,Z99,2026-03-01
002670.SZ,其他,Z99,2026-03-01
002172.SZ,其他,Z99,2026-03-01
000999.SZ,医药生物,C27,2026-03-01
002372.SZ,其他,Z99,2026-03-01
600497.SH,其他,Z99,2026-03-01
600764.SH,其他,Z99,2026-03-01
000600.SZ,其他,Z99,2026-03-01
000031.SZ,其他,Z99,2026-03-01
688018.SH,其他,Z99,2026-03-01
000736.SZ,其他,Z99,2026-03-01
600375.SH,其他,Z99,2026-03-01
000818.SZ,其他,Z99,2026-03-01
002196.SZ,其他,Z99,2026-03-01
600862.SH,其他,Z99,2026-03-01
600206.SH,其他,Z99,2026-03-01
600186.SH,其他,Z99,2026-03-01
300031.SZ,其他,Z99,2026-03-01
688281.SH,其他,Z99,2026-03-01
002014.SZ,其他,Z99,2026-03-01
002102.SZ,其他,Z99,2026-03-01
300496.SZ,其他,Z99,2026-03-01
000822.SZ,其他,Z99,2026-03-01
002558.SZ,其他,Z99,2026-03-01
600673.SH,其他,Z99,2026-03-01
300033.SZ,其他,Z99,2026-03-01
002673.SZ,其他,Z99,2026-03-01
600281.SH,其他,Z99,2026-03-01
600261.SH,其他,Z99,2026-03-01
600265.SH,其他,Z99,2026-03-01
002247.SZ,其他,Z99,2026-03-01
002091.SZ,其他,Z99,2026-03-01
000723.SZ,其他,Z99,2026-03-01
001221.SZ,其他,Z99,2026-03-01
600483.SH,其他,Z99,2026-03-01
688361.SH,其他,Z99,2026-03-01
600151.SH,其他,Z99,2026-03-01
002195.SZ,其他,Z99,2026-03-01
600175.SH,其他,Z99,2026-03-01
688385.SH,其他,Z99,2026-03-01
000973.SZ,其他,Z99,2026-03-01
000680.SZ,其他,Z99,2026-03-01
300078.SZ,其他,Z99,2026-03-01
601665.SH,其他,Z99,2026-03-01
603606.SH,其他,Z99,2026-03-01
300558.SZ,其他,Z99,2026-03-01
002111.SZ,其他,Z99,2026-03-01
002295.SZ,其他,Z99,2026-03-01
002001.SZ,其他,Z99,2026-03-01
600011.SH,其他,Z99,2026-03-01
601555.SH,其他,Z99,2026-03-01
002200.SZ,其他,Z99,2026-03-01
001696.SZ,其他,Z99,2026-03-01
600190.SH,其他,Z99,2026-03-01
600331.SH,其他,Z99,2026-03-01
600606.SH,其他,Z99,2026-03-01
600243.SH,其他,Z99,2026-03-01
002148.SZ,其他,Z99,2026-03-01
300062.SZ,其他,Z99,2026-03-01
000669.SZ,其他,Z99,2026-03-01
000619.SZ,其他,Z99,2026-03-01
603338.SH,其他,Z99,2026-03-01
603605.SH,其他,Z99,2026-03-01
688563.SH,其他,Z99,2026-03-01
600435.SH,其他,Z99,2026-03-01
000812.SZ,其他,Z99,2026-03-01
600601.SH,其他,Z99,2026-03-01
600879.SH,其他,Z99,2026-03-01
002011.SZ,其他,Z99,2026-03-01
000513.SZ,其他,Z99,2026-03-01
002065.SZ,其他,Z99,2026-03-01
000711.SZ,其他,Z99,2026-03-01
300088.SZ,其他,Z99,2026-03-01
002058.SZ,其他,Z99,2026-03-01
000565.SZ,其他,Z99,2026-03-01
002110.SZ,其他,Z99,2026-03-01
600246.SH,其他,Z99,2026-03-01
002264.SZ,其他,Z99,2026-03-01
002831.SZ,其他,Z99,2026-03-01
603920.SH,其他,Z99,2026-03-01
600199.SH,其他,Z99,2026-03-01
000589.SZ,其他,Z99,2026-03-01
000062.SZ,其他,Z99,2026-03-01
300013.SZ,其他,Z99,2026-03-01
000997.SZ,其他,Z99,2026-03-01
601061.SH,其他,Z99,2026-03-01
688318.SH,其他,Z99,2026-03-01
002160.SZ,其他,Z99,2026-03-01
000755.SZ,其他,Z99,2026-03-01
601666.SH,其他,Z99,2026-03-01
000681.SZ,其他,Z99,2026-03-01
600277.SH,其他,Z99,2026-03-01
600189.SH,其他,Z99,2026-03-01
300089.SZ,其他,Z99,2026-03-01
002182.SZ,其他,Z99,2026-03-01
000980.SZ,其他,Z99,2026-03-01
600309.SH,其他,Z99,2026-03-01
002232.SZ,其他,Z99,2026-03-01
688568.SH,其他,Z99,2026-03-01
600242.SH,其他,Z99,2026-03-01
000955.SZ,其他,Z99,2026-03-01
300140.SZ,其他,Z99,2026-03-01
601233.SH,其他,Z99,2026-03-01
601598.SH,其他,Z99,2026-03-01
600367.SH,其他,Z99,2026-03-01
600039.SH,其他,Z99,2026-03-01
600020.SH,其他,Z99,2026-03-01
600378.SH,其他,Z99,2026-03-01
600071.SH,其他,Z99,2026-03-01
605589.SH,其他,Z99,2026-03-01
000537.SZ,其他,Z99,2026-03-01
002207.SZ,其他,Z99,2026-03-01
000528.SZ,其他,Z99,2026-03-01
000957.SZ,其他,Z99,2026-03-01
600195.SH,其他,Z99,2026-03-01
300067.SZ,其他,Z99,2026-03-01
600359.SH,其他,Z99,2026-03-01
300454.SZ,其他,Z99,2026-03-01
002318.SZ,其他,Z99,2026-03-01
600036.SH,银行,J66,2026-03-01
002120.SZ,其他,Z99,2026-03-01
000878.SZ,其他,Z99,2026-03-01
000839.SZ,其他,Z99,2026-03-01
600004.SH,其他,Z99,2026-03-01
000069.SZ,其他,Z99,2026-03-01
002224.SZ,其他,Z99,2026-03-01
600247.SH,其他,Z99,2026-03-01
002093.SZ,其他,Z99,2026-03-01
000880.SZ,其他,Z99,2026-03-01
600283.SH,其他,Z99,2026-03-01
600299.SH,其他,Z99,2026-03-01
002958.SZ,其他,Z99,2026-03-01
000566.SZ,其他,Z99,2026-03-01
000925.SZ,其他,Z99,2026-03-01
002185.SZ,其他,Z99,2026-03-01
000915.SZ,其他,Z99,2026-03-01
600346.SH,其他,Z99,2026-03-01
002217.SZ,其他,Z99,2026-03-01
600959.SH,其他,Z99,2026-03-01
002064.SZ,其他,Z99,2026-03-01
002532.SZ,其他,Z99,2026-03-01
002049.SZ,其他,Z99,2026-03-01
600156.SH,其他,Z99,2026-03-01
002115.SZ,其他,Z99,2026-03-01
301611.SZ,其他,Z99,2026-03-01
601179.SH,其他,Z99,2026-03-01
600106.SH,其他,Z99,2026-03-01
300432.SZ,其他,Z99,2026-03-01
002850.SZ,其他,Z99,2026-03-01
002029.SZ,其他,Z99,2026-03-01
000869.SZ,其他,Z99,2026-03-01
002135.SZ,其他,Z99,2026-03-01
002258.SZ,其他,Z99,2026-03-01
603596.SH,其他,Z99,2026-03-01
600233.SH,其他,Z99,2026-03-01
000952.SZ,其他,Z99,2026-03-01
002170.SZ,其他,Z99,2026-03-01
600251.SH,其他,Z99,2026-03-01
000922.SZ,其他,Z99,2026-03-01
300115.SZ,其他,Z99,2026-03-01
600146.SH,其他,Z99,2026-03-01
002222.SZ,其他,Z99,2026-03-01
002169.SZ,其他,Z99,2026-03-01
300019.SZ,其他,Z99,2026-03-01
000426.SZ,其他,Z99,2026-03-01
300699.SZ,其他,Z99,2026-03-01
600030.SH,其他,Z99,2026-03-01
000903.SZ,其他,Z99,2026-03-01
002261.SZ,其他,Z99,2026-03-01
000809.SZ,其他,Z99,2026-03-01
600228.SH,其他,Z99,2026-03-01
000402.SZ,其他,Z99,2026-03-01
600202.SH,其他,Z99,2026-03-01
000899.SZ,其他,Z99,2026-03-01
600365.SH,其他,Z99,2026-03-01
600183.SH,其他,Z99,2026-03-01
688617.SH,其他,Z99,2026-03-01
002122.SZ,其他,Z99,2026-03-01
600176.SH,其他,Z99,2026-03-01
600970.SH,其他,Z99,2026-03-01
002012.SZ,其他,Z99,2026-03-01
603049.SH,其他,Z99,2026-03-01
600352.SH,其他,Z99,2026-03-01
600029.SH,其他,Z99,2026-03-01
000633.SZ,其他,Z99,2026-03-01
688213.SH,其他,Z99,2026-03-01
000861.SZ,其他,Z99,2026-03-01
002500.SZ,其他,Z99,2026-03-01
002094.SZ,其他,Z99,2026-03-01
002010.SZ,其他,Z99,2026-03-01
000661.SZ,其他,Z99,2026-03-01
300086.SZ,其他,Z99,2026-03-01
600123.SH,其他,Z99,2026-03-01
300056.SZ,其他,Z99,2026-03-01
600358.SH,其他,Z99,2026-03-01
600295.SH,其他,Z99,2026-03-01
300136.SZ,其他,Z99,2026-03-01
000637.SZ,其他,Z99,2026-03-01
