date,open,close,low,high,volume,amount,change_pct,stock_code
2022-12-16,22.18,22.97,24.06,21.96,72762363.0,,,688172.SH
2022-12-19,22.02,20.51,22.02,20.36,30289013.0,,-10.709621245102296,688172.SH
2022-12-20,20.26,20.57,21.14,20.16,16839892.0,,0.29254022428082394,688172.SH
2022-12-21,20.32,20.76,21.14,20.32,14819783.0,,0.923675255226053,688172.SH
2022-12-22,20.89,19.16,20.93,19.16,20735189.0,,-7.707129094412335,688172.SH
2022-12-23,18.77,18.17,19.14,18.15,15444733.0,,-5.167014613778697,688172.SH
2022-12-26,18.16,19.26,19.53,18.02,18211302.0,,5.998899284534942,688172.SH
2022-12-27,19.03,20.18,20.46,18.99,17218378.0,,4.776739356178594,688172.SH
2022-12-28,20.06,19.94,20.33,19.76,9470051.0,,-1.189296333002965,688172.SH
2022-12-29,20.07,19.36,20.18,19.31,8187712.0,,-2.9087261785356144,688172.SH
2022-12-30,19.49,18.94,19.66,18.78,8579525.0,,-2.169421487603296,688172.SH
2023-01-03,18.76,19.72,19.84,18.68,10569844.0,,4.118268215417098,688172.SH
2023-01-04,19.82,19.17,20.13,19.07,9851961.0,,-2.7890466531440006,688172.SH
2023-01-05,19.23,19.33,19.55,19.02,6707827.0,,0.8346374543557467,688172.SH
2023-01-06,19.33,19.14,19.54,19.14,6811480.0,,-0.9829280910501725,688172.SH
2023-01-09,19.27,19.18,19.57,19.12,6151311.0,,0.2089864158829613,688172.SH
2023-01-10,19.14,19.58,19.91,19.12,10371279.0,,2.085505735140769,688172.SH
2023-01-11,19.49,19.17,19.84,19.14,8918808.0,,-2.093973442288033,688172.SH
2023-01-12,19.17,19.3,19.51,18.76,8462910.0,,0.6781429316640608,688172.SH
2023-01-13,19.26,19.34,19.63,19.21,5429693.0,,0.2072538860103501,688172.SH
2023-01-16,19.26,19.84,20.04,19.25,9333683.0,,2.585315408479838,688172.SH
2023-01-17,19.96,20.06,20.59,19.87,9732536.0,,1.1088709677419262,688172.SH
2023-01-18,19.93,21.49,22.45,19.93,20158525.0,,7.128614157527413,688172.SH
2023-01-19,21.43,21.61,21.94,21.17,12128353.0,,0.5583992554676565,688172.SH
2023-01-20,21.55,21.22,21.71,21.03,9939124.0,,-1.8047200370199024,688172.SH
2023-01-30,21.61,21.06,21.66,20.93,10462458.0,,-0.7540056550424112,688172.SH
2023-01-31,21.09,20.7,21.34,20.61,8243964.0,,-1.7094017094017033,688172.SH
2023-02-01,20.84,21.11,21.34,20.8,8168816.0,,1.9806763285024065,688172.SH
2023-02-02,21.22,23.46,24.34,21.12,29668979.0,,11.132164850781635,688172.SH
2023-02-03,23.15,23.16,23.91,22.9,14913701.0,,-1.2787723785166238,688172.SH
2023-02-06,23.16,22.52,23.66,22.32,12869257.0,,-2.763385146804842,688172.SH
2023-02-07,22.64,22.71,23.07,22.36,9848944.0,,0.8436944937833202,688172.SH
2023-02-08,22.81,22.17,23.26,22.17,9625801.0,,-2.3778071334213946,688172.SH
2023-02-09,22.29,23.09,23.12,21.96,12291616.0,,4.149751917004951,688172.SH
2023-02-10,22.92,22.66,23.41,22.53,10663652.0,,-1.862278042442611,688172.SH
2023-02-13,23.0,23.09,23.71,22.98,10678454.0,,1.8976169461606407,688172.SH
2023-02-14,23.11,22.75,23.42,22.57,9249872.0,,-1.4724989172802072,688172.SH
2023-02-15,22.74,22.49,22.88,22.4,7799821.0,,-1.1428571428571455,688172.SH
2023-02-16,22.56,21.98,23.04,21.83,12181091.0,,-2.267674522009777,688172.SH
2023-02-17,22.08,21.35,22.18,21.35,7699257.0,,-2.86624203821656,688172.SH
2023-02-20,21.34,21.7,21.81,21.26,5788833.0,,1.6393442622950616,688172.SH
2023-02-21,21.66,21.49,21.83,21.24,5510111.0,,-0.967741935483879,688172.SH
2023-02-22,21.38,21.55,21.85,21.24,4568161.0,,0.27919962773383933,688172.SH
2023-02-23,21.53,21.68,21.79,21.41,4009608.0,,0.603248259860778,688172.SH
2023-02-24,21.76,21.62,22.05,21.49,4996948.0,,-0.276752767527666,688172.SH
2023-02-27,21.16,20.44,21.21,20.43,8354780.0,,-5.45790934320074,688172.SH
2023-02-28,20.42,20.62,20.75,20.37,3140442.0,,0.8806262230919737,688172.SH
2023-03-01,20.63,20.72,20.81,20.48,4134174.0,,0.4849660523763344,688172.SH
2023-03-02,20.76,20.66,21.1,20.64,4736894.0,,-0.28957528957528345,688172.SH
2023-03-03,21.01,21.32,21.6,21.01,8772673.0,,3.19457889641821,688172.SH
2023-03-06,21.22,21.64,21.71,21.18,6074639.0,,1.5009380863039379,688172.SH
2023-03-07,21.78,20.78,21.78,20.73,5446793.0,,-3.974121996303137,688172.SH
2023-03-08,20.47,21.41,21.46,20.47,5546325.0,,3.031761308950909,688172.SH
2023-03-09,21.34,21.67,21.96,21.3,7963564.0,,1.2143858010275732,688172.SH
2023-03-10,21.49,22.14,22.47,21.46,12896669.0,,2.1688970927549622,688172.SH
2023-03-13,22.25,22.04,22.42,21.72,7636834.0,,-0.4516711833785103,688172.SH
2023-03-14,21.91,22.55,22.79,21.64,12477143.0,,2.3139745916515464,688172.SH
2023-03-15,22.48,22.87,23.62,22.41,15710179.0,,1.419068736141904,688172.SH
2023-03-16,22.85,22.54,23.29,22.5,10296844.0,,-1.442938347179723,688172.SH
2023-03-17,22.83,22.76,23.18,22.49,9216804.0,,0.976042590949433,688172.SH
2023-03-20,23.04,22.89,23.46,22.76,9912183.0,,0.5711775043936607,688172.SH
2023-03-21,22.93,22.99,23.34,22.54,9644006.0,,0.4368719965050172,688172.SH
2023-03-22,23.03,22.83,23.03,22.66,6194201.0,,-0.6959547629404095,688172.SH
2023-03-23,22.76,23.74,24.0,22.71,16198670.0,,3.985983355234346,688172.SH
2023-03-24,23.66,23.14,24.16,23.03,12532183.0,,-2.5273799494523908,688172.SH
2023-03-27,22.96,22.71,23.29,22.46,8862495.0,,-1.8582541054451118,688172.SH
2023-03-28,22.66,22.08,22.77,21.98,7137746.0,,-2.774108322324975,688172.SH
2023-03-29,22.19,22.66,23.16,21.79,11911490.0,,2.6268115942029047,688172.SH
2023-03-30,22.64,22.84,23.46,22.56,9639206.0,,0.7943512797881747,688172.SH
2023-03-31,22.96,23.04,23.21,22.59,7632001.0,,0.8756567425569184,688172.SH
2023-04-03,23.32,23.91,24.05,23.16,14980634.0,,3.776041666666674,688172.SH
2023-04-04,23.86,24.36,24.75,23.76,17961056.0,,1.8820577164366359,688172.SH
2023-04-06,24.18,25.75,26.82,24.11,23279383.0,,5.706075533661736,688172.SH
2023-04-07,25.9,26.64,26.75,25.53,19662217.0,,3.4563106796116516,688172.SH
2023-04-10,26.64,26.04,28.12,25.8,21618822.0,,-2.2522522522522626,688172.SH
2023-04-11,25.99,27.44,28.16,25.99,21285256.0,,5.376344086021523,688172.SH
2023-04-12,27.06,27.35,27.44,26.68,15268461.0,,-0.3279883381924198,688172.SH
2023-04-13,27.06,25.81,27.12,25.76,16970977.0,,-5.630712979890317,688172.SH
2023-04-14,26.1,28.7,29.34,25.48,23631854.0,,11.197210383572266,688172.SH
2023-04-17,29.25,29.06,30.51,28.46,22822016.0,,1.2543554006968716,688172.SH
2023-04-18,28.64,28.43,28.96,27.62,14073352.0,,-2.1679284239504493,688172.SH
2023-04-19,28.23,27.97,29.09,27.86,12443249.0,,-1.6180091452690837,688172.SH
2023-04-20,28.0,28.61,28.93,27.86,13211694.0,,2.288165892027183,688172.SH
2023-04-21,28.54,27.27,29.56,26.97,18556212.0,,-4.683677036001399,688172.SH
2023-04-24,27.56,26.28,27.76,25.96,14338059.0,,-3.63036303630363,688172.SH
2023-04-25,26.26,25.19,26.41,25.03,11490644.0,,-4.1476407914764035,688172.SH
2023-04-26,24.49,24.43,25.16,23.56,14850993.0,,-3.017070265978572,688172.SH
2023-04-27,24.25,24.26,25.33,23.96,7127489.0,,-0.695865738845669,688172.SH
2023-04-28,24.26,24.4,24.92,23.96,7978208.0,,0.577081615828523,688172.SH
2023-05-04,23.93,22.78,24.15,22.66,10922606.0,,-6.639344262295078,688172.SH
2023-05-05,22.89,22.78,23.44,22.56,6408087.0,,0.0,688172.SH
2023-05-08,22.71,22.86,23.28,22.61,6050180.0,,0.3511852502194879,688172.SH
2023-05-09,22.77,22.46,23.11,22.46,6778846.0,,-1.7497812773403232,688172.SH
2023-05-10,22.22,22.07,22.59,21.76,5660491.0,,-1.7364203027604663,688172.SH
2023-05-11,22.27,22.34,22.55,22.17,4945046.0,,1.2233801540552758,688172.SH
2023-05-12,22.33,22.21,22.92,22.16,5692317.0,,-0.5819158460161122,688172.SH
2023-05-15,22.21,21.92,22.41,21.55,5352420.0,,-1.3057181449797395,688172.SH
2023-05-16,21.97,22.16,22.49,21.3,7053911.0,,1.0948905109488871,688172.SH
2023-05-17,21.97,22.56,22.73,21.96,5442852.0,,1.8050541516245522,688172.SH
2023-05-18,22.58,22.75,22.83,22.3,5159305.0,,0.8421985815602939,688172.SH
2023-05-19,22.69,23.19,23.4,22.68,6874876.0,,1.9340659340659316,688172.SH
2023-05-22,23.46,23.14,23.51,22.86,5231287.0,,-0.21561017680035155,688172.SH
2023-05-23,23.05,22.51,23.12,22.51,4147667.0,,-2.7225583405358633,688172.SH
2023-05-24,22.46,22.61,23.09,22.38,4597709.0,,0.44424700133272044,688172.SH
2023-05-25,22.58,22.65,22.91,21.99,4138971.0,,0.17691287041132764,688172.SH
2023-05-26,22.68,22.91,23.05,22.57,4518136.0,,1.1479028697571891,688172.SH
2023-05-29,23.01,23.27,23.39,22.84,4921275.0,,1.5713662156263686,688172.SH
2023-05-30,23.29,23.15,23.46,22.84,4565444.0,,-0.5156854318865589,688172.SH
2023-05-31,23.09,23.61,23.63,23.09,5639705.0,,1.9870410367170743,688172.SH
2023-06-01,23.4,23.43,23.79,23.26,4974199.0,,-0.7623888182973326,688172.SH
2023-06-02,23.57,23.45,23.72,23.12,4039965.0,,0.08536064874091753,688172.SH
2023-06-05,23.46,23.42,23.93,23.42,4405512.0,,-0.12793176972279996,688172.SH
2023-06-06,23.3,22.28,23.3,22.23,6107545.0,,-4.867634500426988,688172.SH
2023-06-07,22.29,22.13,22.57,22.06,3601380.0,,-0.6732495511669767,688172.SH
2023-06-08,22.12,21.22,22.13,21.16,5953024.0,,-4.112065070040671,688172.SH
2023-06-09,21.12,21.43,21.43,20.78,4740358.0,,0.9896324222431696,688172.SH
2023-06-12,21.21,21.1,21.51,21.06,4017789.0,,-1.5398973401773097,688172.SH
2023-06-13,21.17,22.01,22.07,21.0,5523802.0,,4.3127962085308,688172.SH
2023-06-14,22.11,24.54,24.81,22.11,19073316.0,,11.494775102226251,688172.SH
2023-06-15,24.34,23.79,25.25,23.75,13849719.0,,-3.0562347188264005,688172.SH
2023-06-16,23.77,24.74,25.16,23.26,13998218.0,,3.993274485077758,688172.SH
2023-06-19,25.75,26.66,27.33,25.17,22379540.0,,7.760711398544884,688172.SH
2023-06-20,26.44,26.33,26.92,25.7,14261185.0,,-1.2378094523630923,688172.SH
2023-06-21,26.08,25.45,26.52,25.36,9508927.0,,-3.3421952145841205,688172.SH
2023-06-26,25.15,24.21,25.3,24.15,7235640.0,,-4.872298624754412,688172.SH
2023-06-27,24.21,23.96,24.49,23.75,4983744.0,,-1.0326311441553049,688172.SH
2023-06-28,24.13,23.66,24.45,22.38,8591923.0,,-1.2520868113522599,688172.SH
2023-06-29,23.53,23.7,24.22,23.46,4502042.0,,0.16906170752324368,688172.SH
2023-06-30,23.66,23.74,24.02,23.01,6940649.0,,0.16877637130801038,688172.SH
2023-07-03,23.62,23.31,23.91,23.16,4413299.0,,-1.8112889637742158,688172.SH
2023-07-04,23.42,24.04,24.32,23.27,6813529.0,,3.131703131703123,688172.SH
2023-07-05,24.11,23.54,24.13,23.43,5073774.0,,-2.079866888519133,688172.SH
2023-07-06,23.41,23.05,23.73,23.0,5778239.0,,-2.0815632965165642,688172.SH
2023-07-07,22.92,22.65,23.14,22.39,5695811.0,,-1.7353579175705125,688172.SH
2023-07-10,22.66,22.59,22.85,22.42,2711395.0,,-0.26490066225165476,688172.SH
2023-07-11,22.61,23.09,23.31,22.45,4332082.0,,2.2133687472332797,688172.SH
2023-07-12,23.01,22.57,23.19,22.56,3204835.0,,-2.252057167605026,688172.SH
2023-07-13,22.75,23.44,23.65,22.58,5900661.0,,3.854674346477638,688172.SH
2023-07-14,23.62,23.23,23.81,23.19,4357886.0,,-0.8959044368600733,688172.SH
2023-07-17,23.33,22.55,23.37,22.28,8257807.0,,-2.927249246663799,688172.SH
2023-07-18,22.56,22.53,23.04,22.39,4800889.0,,-0.08869179600886623,688172.SH
2023-07-19,22.36,22.39,22.73,22.29,2728122.0,,-0.6213936972925049,688172.SH
2023-07-20,22.41,22.08,22.51,21.96,3042282.0,,-1.3845466726217115,688172.SH
2023-07-21,21.95,21.93,22.29,21.76,2546462.0,,-0.6793478260869512,688172.SH
2023-07-24,21.86,21.86,22.05,21.7,1791497.0,,-0.31919744642042724,688172.SH
2023-07-25,22.11,22.29,22.44,22.08,2450663.0,,1.967063129002744,688172.SH
2023-07-26,22.4,21.95,22.43,21.88,2245580.0,,-1.5253476895468854,688172.SH
2023-07-27,21.95,21.7,22.13,21.69,2246158.0,,-1.1389521640091105,688172.SH
2023-07-28,21.67,22.0,22.08,21.56,2125210.0,,1.382488479262678,688172.SH
2023-07-31,21.89,21.8,22.31,21.71,3758120.0,,-0.9090909090909038,688172.SH
2023-08-01,21.8,21.92,22.02,21.77,1787092.0,,0.5504587155963359,688172.SH
2023-08-02,21.81,22.03,22.09,21.75,2072959.0,,0.5018248175182372,688172.SH
2023-08-03,21.96,21.86,22.14,21.82,1776730.0,,-0.7716749886518492,688172.SH
2023-08-04,21.86,21.97,22.14,21.86,2409836.0,,0.5032021957914079,688172.SH
2023-08-07,22.01,21.66,22.01,21.65,2376996.0,,-1.4110150204824756,688172.SH
2023-08-08,21.67,21.36,21.85,21.35,1981699.0,,-1.3850415512465353,688172.SH
2023-08-09,21.42,21.15,21.47,21.12,2024228.0,,-0.98314606741573,688172.SH
2023-08-10,21.21,21.35,21.5,21.16,1326534.0,,0.9456264775413947,688172.SH
2023-08-11,21.44,21.21,21.44,20.87,2132686.0,,-0.6557377049180357,688172.SH
2023-08-14,21.06,20.88,21.06,20.66,2343102.0,,-1.5558698727015652,688172.SH
2023-08-15,20.84,19.97,20.94,19.51,5803576.0,,-4.358237547892719,688172.SH
2023-08-16,19.87,19.6,19.95,19.58,2066772.0,,-1.8527791687531159,688172.SH
2023-08-17,19.52,19.94,20.01,19.44,2036425.0,,1.73469387755103,688172.SH
2023-08-18,19.94,19.88,20.27,19.69,2258654.0,,-0.30090270812438424,688172.SH
2023-08-21,19.71,19.46,19.99,19.43,2280976.0,,-2.1126760563380143,688172.SH
2023-08-22,19.6,18.97,19.76,18.82,5543735.0,,-2.517985611510798,688172.SH
2023-08-23,18.99,17.88,19.06,17.83,7209848.0,,-5.745914602003166,688172.SH
2023-08-24,18.06,18.06,18.31,17.65,5557182.0,,1.0067114093959662,688172.SH
2023-08-25,18.36,18.2,18.71,18.13,5243795.0,,0.7751937984496138,688172.SH
2023-08-28,19.46,18.49,19.79,18.49,5439104.0,,1.5934065934065877,688172.SH
2023-08-29,18.48,19.62,19.72,18.39,5793651.0,,6.111411573823711,688172.SH
2023-08-30,19.85,20.25,20.66,19.76,6568193.0,,3.2110091743119185,688172.SH
2023-08-31,20.15,20.62,20.74,20.08,6233877.0,,1.8271604938271624,688172.SH
2023-09-01,20.6,20.39,20.85,20.26,4485050.0,,-1.1154219204655647,688172.SH
2023-09-04,20.32,20.62,20.62,20.16,3361008.0,,1.1280039234919048,688172.SH
2023-09-05,20.65,20.68,20.94,20.55,3769203.0,,0.29097963142579175,688172.SH
2023-09-06,20.61,21.12,21.17,20.49,5099391.0,,2.1276595744680993,688172.SH
2023-09-07,20.94,20.54,21.02,20.45,4501620.0,,-2.7462121212121327,688172.SH
2023-09-08,20.36,20.93,21.09,20.31,5123437.0,,1.8987341772152,688172.SH
2023-09-11,20.99,21.1,21.26,20.61,4092797.0,,0.8122312470138615,688172.SH
2023-09-12,21.04,20.91,21.24,20.84,2742850.0,,-0.9004739336492928,688172.SH
2023-09-13,20.81,20.6,21.09,20.41,3307947.0,,-1.482544237207073,688172.SH
2023-09-14,20.55,20.3,20.65,20.14,2612762.0,,-1.4563106796116498,688172.SH
2023-09-15,20.41,20.49,20.95,20.1,4660402.0,,0.9359605911329894,688172.SH
2023-09-18,20.35,20.11,20.37,19.91,2949901.0,,-1.854563201561732,688172.SH
2023-09-19,20.12,19.84,20.24,19.78,2396314.0,,-1.3426156141223222,688172.SH
2023-09-20,19.76,19.66,20.04,19.65,2587360.0,,-0.9072580645161255,688172.SH
2023-09-21,19.59,19.51,19.82,19.46,2144976.0,,-0.7629704984740471,688172.SH
2023-09-22,19.49,19.89,19.98,19.26,2898920.0,,1.9477191184008147,688172.SH
2023-09-25,19.89,19.54,19.94,19.36,2406761.0,,-1.7596782302664704,688172.SH
2023-09-26,19.55,19.44,19.66,19.26,2326431.0,,-0.5117707267144223,688172.SH
2023-09-27,19.45,19.28,19.6,19.28,2544983.0,,-0.8230452674897082,688172.SH
2023-09-28,19.38,19.57,19.74,19.19,2292265.0,,1.5041493775933557,688172.SH
2023-10-09,19.55,19.28,19.55,19.18,2449733.0,,-1.4818599897802764,688172.SH
2023-10-10,19.3,19.45,19.64,19.27,1953704.0,,0.8817427385892085,688172.SH
2023-10-11,19.49,19.86,20.02,19.44,3073834.0,,2.107969151670952,688172.SH
2023-10-12,20.14,19.69,20.14,19.56,2355338.0,,-0.8559919436052277,688172.SH
2023-10-13,19.64,19.69,19.93,19.57,2097303.0,,0.0,688172.SH
2023-10-16,19.68,18.78,19.69,18.66,3973605.0,,-4.621635347892328,688172.SH
2023-10-17,18.73,19.16,19.23,18.73,3126876.0,,2.0234291799786863,688172.SH
2023-10-18,19.08,18.62,19.24,18.56,2071397.0,,-2.8183716075156573,688172.SH
2023-10-19,18.36,18.86,19.34,18.36,3645905.0,,1.2889366272824887,688172.SH
2023-10-20,18.86,18.57,19.09,18.53,2257126.0,,-1.5376458112407176,688172.SH
2023-10-23,18.7,17.82,18.74,17.75,3349006.0,,-4.038772213247177,688172.SH
2023-10-24,17.82,18.19,18.35,17.6,3540096.0,,2.076318742985417,688172.SH
2023-10-25,18.21,18.24,18.43,18.1,2662216.0,,0.2748763056624304,688172.SH
2023-10-26,17.97,18.16,18.2,17.86,1951061.0,,-0.43859649122806044,688172.SH
2023-10-27,18.09,18.46,18.53,17.86,3552415.0,,1.6519823788546217,688172.SH
2023-10-30,18.27,19.02,19.09,18.08,4702513.0,,3.033586132177679,688172.SH
2023-10-31,18.94,18.85,19.14,18.7,2726541.0,,-0.8937960042060933,688172.SH
2023-11-01,18.85,18.75,19.12,18.71,2247904.0,,-0.5305039787798504,688172.SH
2023-11-02,18.72,18.4,18.91,18.4,2389908.0,,-1.866666666666672,688172.SH
2023-11-03,18.5,19.26,19.36,18.45,3989031.0,,4.673913043478284,688172.SH
2023-11-06,19.31,19.56,19.74,19.24,3340165.0,,1.5576323987538832,688172.SH
2023-11-07,19.46,19.62,19.69,19.33,2971793.0,,0.30674846625768915,688172.SH
2023-11-08,19.57,19.72,19.99,19.46,3737243.0,,0.5096839959225274,688172.SH
2023-11-09,19.7,19.6,19.94,19.51,2593430.0,,-0.6085192697768638,688172.SH
2023-11-10,19.61,19.47,19.81,19.28,2378931.0,,-0.6632653061224625,688172.SH
2023-11-13,19.74,19.62,19.74,19.43,2412077.0,,0.7704160246533309,688172.SH
2023-11-14,19.58,19.88,20.01,19.47,2964189.0,,1.3251783893985625,688172.SH
2023-11-15,20.04,19.83,20.18,19.72,2978589.0,,-0.25150905432596016,688172.SH
2023-11-16,19.83,19.46,19.83,19.43,2869331.0,,-1.8658598083711397,688172.SH
2023-11-17,19.39,19.54,19.62,19.36,1800229.0,,0.41109969167523186,688172.SH
2023-11-20,19.51,19.78,19.81,19.5,2567193.0,,1.22824974411464,688172.SH
2023-11-21,19.78,19.72,19.9,19.66,2552013.0,,-0.30333670374116384,688172.SH
2023-11-22,19.54,19.37,19.79,19.29,2360502.0,,-1.7748478701825499,688172.SH
2023-11-23,19.28,19.5,19.61,19.12,2172327.0,,0.6711409395973034,688172.SH
2023-11-24,19.43,18.82,19.46,18.82,2752570.0,,-3.4871794871794815,688172.SH
2023-11-27,18.71,19.05,19.16,18.71,2167167.0,,1.222104144527103,688172.SH
2023-11-28,18.97,19.28,19.35,18.94,2551030.0,,1.207349081364839,688172.SH
2023-11-29,19.21,19.16,19.57,19.16,2477127.0,,-0.6224066390041583,688172.SH
2023-11-30,19.17,18.77,19.26,18.6,2117422.0,,-2.035490605427981,688172.SH
2023-12-01,18.77,18.77,18.9,18.54,1929080.0,,0.0,688172.SH
2023-12-04,18.77,18.54,18.87,18.51,2435667.0,,-1.2253596164091607,688172.SH
2023-12-05,18.42,17.9,18.46,17.88,3258459.0,,-3.4519956850053934,688172.SH
2023-12-06,17.83,17.91,18.02,17.8,2520674.0,,0.055865921787723316,688172.SH
2023-12-07,17.81,18.57,18.79,17.78,4462484.0,,3.685092127303191,688172.SH
2023-12-08,18.51,18.93,19.24,18.44,4601540.0,,1.9386106623586308,688172.SH
2023-12-11,18.93,18.82,18.93,18.4,2796655.0,,-0.5810882197569978,688172.SH
2023-12-12,18.86,18.85,19.01,18.71,2007975.0,,0.15940488841659217,688172.SH
2023-12-13,18.83,19.07,19.32,18.77,3090701.0,,1.1671087533156488,688172.SH
2023-12-14,19.1,18.86,19.24,18.82,1982121.0,,-1.101206082852657,688172.SH
2023-12-15,18.88,18.39,19.04,18.39,3105933.0,,-2.4920466595970248,688172.SH
2023-12-18,18.4,18.46,18.83,18.31,2503087.0,,0.38064165307232223,688172.SH
2023-12-19,18.53,18.57,18.8,18.36,2492359.0,,0.5958829902491747,688172.SH
2023-12-20,18.44,18.32,18.85,18.29,2545667.0,,-1.3462574044157294,688172.SH
2023-12-21,18.26,18.42,18.63,18.01,3515612.0,,0.5458515283842891,688172.SH
2023-12-22,18.36,18.06,18.37,17.89,2449972.0,,-1.9543973941368198,688172.SH
2023-12-25,18.01,17.93,18.21,17.86,1685644.0,,-0.7198228128460604,688172.SH
2023-12-26,17.88,17.46,17.88,17.38,2523760.0,,-2.6213050752928013,688172.SH
2023-12-27,17.5,17.72,17.72,17.36,2185583.0,,1.4891179839633395,688172.SH
2023-12-28,17.61,18.11,18.25,17.5,2690729.0,,2.200902934537252,688172.SH
2023-12-29,18.15,18.44,18.47,18.08,2720768.0,,1.8221976808393325,688172.SH
2024-01-02,18.45,17.91,18.56,17.85,4479355.0,,-2.8741865509761433,688172.SH
2024-01-03,17.78,17.8,18.04,17.67,1925133.0,,-0.6141820212171911,688172.SH
2024-01-04,17.8,17.66,17.87,17.56,1822602.0,,-0.786516853932584,688172.SH
2024-01-05,17.68,17.27,17.73,17.15,2614888.0,,-2.208380520951303,688172.SH
2024-01-08,17.26,16.96,17.28,16.86,1967120.0,,-1.7950202663578385,688172.SH
2024-01-09,16.91,16.96,17.12,16.76,2033780.0,,0.0,688172.SH
2024-01-10,16.91,16.68,16.95,16.56,1928546.0,,-1.650943396226423,688172.SH
2024-01-11,16.63,16.85,17.0,16.57,2203107.0,,1.0191846522781933,688172.SH
2024-01-12,16.83,16.69,17.03,16.69,1588816.0,,-0.9495548961424349,688172.SH
2024-01-15,16.65,16.72,16.85,16.36,2267299.0,,0.17974835230676334,688172.SH
2024-01-16,16.74,16.61,16.8,16.36,1948796.0,,-0.6578947368421018,688172.SH
2024-01-17,16.56,16.06,16.6,16.06,1826671.0,,-3.311258278145701,688172.SH
2024-01-18,16.01,15.75,16.16,15.24,3585813.0,,-1.9302615193026118,688172.SH
2024-01-19,15.75,15.49,16.1,15.49,2328290.0,,-1.6507936507936471,688172.SH
2024-01-22,15.55,14.48,15.55,14.41,2803215.0,,-6.520335700451907,688172.SH
2024-01-23,14.49,14.93,14.99,14.37,3013375.0,,3.107734806629825,688172.SH
2024-01-24,15.04,15.02,15.11,14.29,3045657.0,,0.602813127930335,688172.SH
2024-01-25,14.96,15.62,15.69,14.92,3046180.0,,3.9946737683089095,688172.SH
2024-01-26,15.61,15.36,15.66,15.29,2154125.0,,-1.6645326504481472,688172.SH
2024-01-29,15.59,15.16,15.91,15.16,2381768.0,,-1.302083333333326,688172.SH
2024-01-30,14.97,14.67,15.21,14.6,1400294.0,,-3.232189973614774,688172.SH
2024-01-31,14.53,13.87,14.71,13.82,3467092.0,,-5.453306066802998,688172.SH
2024-02-01,13.86,14.0,14.27,13.57,2708759.0,,0.9372746935832899,688172.SH
2024-02-02,14.02,13.32,14.19,12.84,3314032.0,,-4.857142857142859,688172.SH
2024-02-05,13.32,12.41,13.37,12.01,4276278.0,,-6.8318318318318365,688172.SH
2024-02-06,12.12,13.26,13.33,11.82,3940649.0,,6.849315068493156,688172.SH
2024-02-07,13.29,12.76,13.89,12.55,6361981.0,,-3.7707390648567096,688172.SH
2024-02-08,12.96,13.9,13.98,12.85,5990253.0,,8.934169278996862,688172.SH
2024-02-19,14.16,14.45,14.55,14.05,5121958.0,,3.9568345323740983,688172.SH
2024-02-20,14.3,14.4,14.53,14.17,2851353.0,,-0.34602076124566894,688172.SH
2024-02-21,14.26,14.6,14.99,14.21,3310415.0,,1.388888888888884,688172.SH
2024-02-22,14.65,14.92,15.04,14.59,3464486.0,,2.191780821917799,688172.SH
2024-02-23,14.95,15.16,15.17,14.81,3164165.0,,1.608579088471851,688172.SH
2024-02-26,15.15,15.24,15.58,15.08,3436694.0,,0.5277044854881341,688172.SH
2024-02-27,15.47,16.15,16.15,15.27,4241761.0,,5.971128608923881,688172.SH
2024-02-28,16.06,14.93,16.51,14.93,6088461.0,,-7.554179566563457,688172.SH
2024-02-29,14.92,15.72,15.81,14.91,4252398.0,,5.291359678499674,688172.SH
2024-03-01,15.77,16.21,16.32,15.74,4068650.0,,3.117048346055973,688172.SH
2024-03-04,16.26,16.0,16.29,15.69,4337814.0,,-1.2954966070326979,688172.SH
2024-03-05,15.97,15.72,16.15,15.59,3614635.0,,-1.749999999999996,688172.SH
2024-03-06,15.55,15.81,16.04,15.33,4077452.0,,0.5725190839694694,688172.SH
2024-03-07,15.83,15.42,16.04,15.39,3433274.0,,-2.4667931688804545,688172.SH
2024-03-08,15.45,15.74,15.78,15.38,2720298.0,,2.075226977950706,688172.SH
2024-03-11,15.66,15.95,15.99,15.59,2730341.0,,1.3341804320203154,688172.SH
2024-03-12,16.06,16.1,16.22,15.88,2963779.0,,0.9404388714733702,688172.SH
2024-03-13,16.21,16.23,16.42,16.11,3335901.0,,0.807453416149051,688172.SH
2024-03-14,16.13,15.86,16.29,15.66,4185059.0,,-2.2797288971041385,688172.SH
2024-03-15,15.8,15.98,16.0,15.67,2656975.0,,0.7566204287515754,688172.SH
2024-03-18,16.1,16.47,16.47,15.99,3228074.0,,3.066332916145176,688172.SH
2024-03-19,16.47,16.45,16.59,16.33,2715196.0,,-0.12143290831815312,688172.SH
2024-03-20,16.45,16.43,16.5,16.22,3066804.0,,-0.12158054711245425,688172.SH
2024-03-21,16.36,16.34,16.66,16.09,3187736.0,,-0.5477784540474762,688172.SH
2024-03-22,16.23,16.02,16.42,15.96,2747724.0,,-1.9583843329253336,688172.SH
2024-03-25,16.04,15.42,16.16,15.37,3059642.0,,-3.745318352059923,688172.SH
2024-03-26,15.38,15.32,15.72,15.26,2917422.0,,-0.6485084306095956,688172.SH
2024-03-27,15.4,14.83,15.44,14.83,2678137.0,,-3.198433420365532,688172.SH
2024-03-28,14.84,14.97,15.23,14.75,2763574.0,,0.9440323668240103,688172.SH
2024-03-29,14.96,15.09,15.11,14.69,2230787.0,,0.8016032064128265,688172.SH
2024-04-01,15.16,15.34,15.41,15.01,1939529.0,,1.656726308813794,688172.SH
2024-04-02,15.31,15.08,15.36,15.02,2219876.0,,-1.6949152542372836,688172.SH
2024-04-03,15.08,15.01,15.23,14.78,2198320.0,,-0.46419098143236637,688172.SH
2024-04-08,14.95,15.05,15.12,14.62,3391211.0,,0.26648900732846315,688172.SH
2024-04-09,14.72,15.08,15.16,14.68,2409259.0,,0.19933554817275212,688172.SH
2024-04-10,14.97,14.9,15.14,14.71,1930717.0,,-1.1936339522546358,688172.SH
2024-04-11,14.68,14.93,15.01,14.68,1761413.0,,0.2013422818791799,688172.SH
2024-04-12,14.93,14.92,15.18,14.8,1780194.0,,-0.06697923643670389,688172.SH
2024-04-15,14.77,14.79,15.29,14.53,3659506.0,,-0.8713136729222581,688172.SH
2024-04-16,14.87,14.16,14.87,14.06,3140519.0,,-4.259634888438124,688172.SH
2024-04-17,14.36,15.3,15.35,14.22,3446386.0,,8.05084745762712,688172.SH
2024-04-18,15.32,15.33,15.55,15.18,2918934.0,,0.19607843137254832,688172.SH
2024-04-19,15.16,15.32,15.5,15.12,2225303.0,,-0.0652315720808816,688172.SH
2024-04-22,15.14,15.22,15.3,14.81,2059780.0,,-0.652741514360311,688172.SH
2024-04-23,15.18,15.33,15.49,15.18,2771534.0,,0.7227332457292901,688172.SH
2024-04-24,15.39,15.8,15.8,15.36,2306998.0,,3.0658838878016903,688172.SH
2024-04-25,15.74,15.6,15.85,15.56,2257646.0,,-1.2658227848101333,688172.SH
2024-04-26,15.64,15.87,15.94,15.54,2304929.0,,1.7307692307692246,688172.SH
2024-04-29,15.48,15.69,15.81,15.31,5442126.0,,-1.1342155009451793,688172.SH
2024-04-30,15.66,15.78,15.9,15.56,2829945.0,,0.5736137667303964,688172.SH
2024-05-06,16.03,16.05,16.1,15.88,2720141.0,,1.7110266159695797,688172.SH
2024-05-07,16.09,16.21,16.34,15.98,2867176.0,,0.9968847352024968,688172.SH
2024-05-08,16.27,16.04,16.27,16.02,1955086.0,,-1.0487353485502893,688172.SH
2024-05-09,16.02,16.48,16.53,15.99,2815601.0,,2.743142144638422,688172.SH
2024-05-10,16.48,16.59,16.91,16.46,3749379.0,,0.6674757281553312,688172.SH
2024-05-13,16.27,16.32,16.58,16.18,2361268.0,,-1.6274864376130127,688172.SH
2024-05-14,16.31,16.35,16.62,16.27,2066842.0,,0.18382352941177516,688172.SH
2024-05-15,16.27,15.92,16.41,15.86,2349969.0,,-2.629969418960254,688172.SH
2024-05-16,15.93,15.76,16.11,15.72,2245352.0,,-1.005025125628145,688172.SH
2024-05-17,15.79,15.95,15.95,15.71,1681714.0,,1.2055837563451854,688172.SH
2024-05-20,15.96,16.42,16.74,15.86,3585968.0,,2.9467084639498653,688172.SH
2024-05-21,16.39,16.48,16.72,16.29,2378516.0,,0.3654080389768444,688172.SH
2024-05-22,16.46,16.45,16.54,16.29,1614009.0,,-0.182038834951459,688172.SH
2024-05-23,16.45,16.28,16.57,16.23,2121019.0,,-1.033434650455911,688172.SH
2024-05-24,16.28,15.89,16.41,15.82,2403592.0,,-2.3955773955773974,688172.SH
2024-05-27,15.88,16.25,16.25,15.71,2481539.0,,2.265575833857758,688172.SH
2024-05-28,16.27,16.6,16.84,16.27,4198233.0,,2.153846153846173,688172.SH
2024-05-29,16.6,16.81,16.95,16.56,3378809.0,,1.2650602409638445,688172.SH
2024-05-30,16.92,17.41,17.61,16.67,6648267.0,,3.5693039857227937,688172.SH
2024-05-31,17.4,17.56,17.61,17.26,4404853.0,,0.861573808156213,688172.SH
2024-06-03,17.91,18.37,19.15,17.91,12186173.0,,4.612756264236917,688172.SH
2024-06-04,18.36,18.28,18.73,18.16,6227076.0,,-0.4899292324441973,688172.SH
2024-06-05,18.16,18.11,18.72,18.09,4592270.0,,-0.9299781181619338,688172.SH
2024-06-06,17.15,16.4,17.66,16.36,12384822.0,,-9.442297073440098,688172.SH
2024-06-07,16.56,16.47,16.92,15.94,7018308.0,,0.4268292682926944,688172.SH
2024-06-11,16.42,17.03,17.07,16.27,5986757.0,,3.400121432908332,688172.SH
2024-06-12,17.03,17.53,17.77,16.95,7121909.0,,2.9359953024075125,688172.SH
2024-06-13,17.69,18.0,18.44,17.53,9397919.0,,2.681118083285794,688172.SH
2024-06-14,17.99,17.5,18.36,17.32,17999922.0,"{'nd': '2023', 'fh_sh': '0.4', 'djr': '2024-06-13', 'cqr': '2024-06-14', 'FHcontent': '10派0.4元'}",-2.777777777777779,688172.SH
2024-06-17,17.18,17.08,17.58,16.81,7200728.0,,-2.4000000000000132,688172.SH
2024-06-18,17.09,17.39,17.42,16.9,5760899.0,,1.8149882903981451,688172.SH
2024-06-19,17.39,17.02,17.51,16.93,3690147.0,,-2.127659574468088,688172.SH
2024-06-20,17.18,17.09,17.67,16.88,5093285.0,,0.4112808460634554,688172.SH
2024-06-21,16.84,17.08,17.13,16.45,4494649.0,,-0.05851375073142595,688172.SH
2024-06-24,16.81,16.57,17.4,16.57,3922983.0,,-2.985948477751743,688172.SH
2024-06-25,16.82,15.79,16.82,15.65,3490499.0,,-4.707302353651189,688172.SH
2024-06-26,15.66,16.15,16.22,15.56,2571971.0,,2.2799240025332512,688172.SH
2024-06-27,16.1,15.99,16.35,15.91,2241555.0,,-0.9907120743033904,688172.SH
2024-06-28,15.83,16.18,16.52,15.83,2485352.0,,1.1882426516572897,688172.SH
2024-07-01,16.24,15.84,16.3,15.59,2285580.0,,-2.1013597033374576,688172.SH
2024-07-02,15.9,15.64,15.97,15.58,1777392.0,,-1.262626262626254,688172.SH
2024-07-03,15.68,15.67,15.86,15.48,1831321.0,,0.19181585677749968,688172.SH
2024-07-04,15.67,15.2,15.78,15.15,1895489.0,,-2.999361837906833,688172.SH
2024-07-05,15.28,15.47,15.57,15.05,1983258.0,,1.7763157894737036,688172.SH
2024-07-08,15.57,15.26,15.72,15.18,1537962.0,,-1.3574660633484226,688172.SH
2024-07-09,15.29,15.8,15.82,15.14,2523240.0,,3.5386631716906924,688172.SH
2024-07-10,15.74,15.75,15.89,15.65,1473602.0,,-0.31645569620253333,688172.SH
2024-07-11,15.95,16.05,16.17,15.84,2232604.0,,1.9047619047619202,688172.SH
2024-07-12,15.92,15.7,15.99,15.67,1651330.0,,-2.180685358255463,688172.SH
2024-07-15,15.77,15.41,15.8,15.33,1649932.0,,-1.847133757961783,688172.SH
2024-07-16,15.31,15.55,15.57,15.15,2360949.0,,0.9085009733938998,688172.SH
2024-07-17,15.41,15.33,15.63,15.33,1930194.0,,-1.414790996784565,688172.SH
2024-07-18,15.33,15.11,15.33,14.8,2006011.0,,-1.4350945857795172,688172.SH
2024-07-19,15.11,15.59,15.76,15.03,2977888.0,,3.176704169424216,688172.SH
2024-07-22,15.63,15.55,16.16,15.5,3993441.0,,-0.25657472738934706,688172.SH
2024-07-23,15.67,14.61,15.67,14.61,4252171.0,,-6.045016077170429,688172.SH
2024-07-24,14.61,14.36,14.76,14.36,2216484.0,,-1.7111567419575646,688172.SH
2024-07-25,14.2,14.41,14.61,14.14,1601503.0,,0.3481894150417775,688172.SH
2024-07-26,14.4,14.58,14.73,14.38,1495774.0,,1.179736294240108,688172.SH
2024-07-29,14.65,14.58,14.75,14.47,1446302.0,,0.0,688172.SH
2024-07-30,14.49,14.71,14.79,14.4,1229846.0,,0.8916323731138709,688172.SH
2024-07-31,14.69,15.52,15.55,14.66,2954608.0,,5.5064581917063204,688172.SH
2024-08-01,15.58,15.75,15.87,15.47,2706128.0,,1.4819587628865927,688172.SH
2024-08-02,15.67,15.38,15.81,15.34,2106814.0,,-2.3492063492063453,688172.SH
2024-08-05,15.24,14.79,15.48,14.79,2634048.0,,-3.836150845253583,688172.SH
2024-08-06,14.96,14.82,15.15,14.59,1665978.0,,0.20283975659229903,688172.SH
2024-08-07,14.87,14.75,14.94,14.66,1921733.0,,-0.47233468286099756,688172.SH
2024-08-08,14.71,14.63,14.89,14.47,1488890.0,,-0.8135593220338966,688172.SH
2024-08-09,14.7,14.62,14.93,14.59,1461111.0,,-0.06835269993166193,688172.SH
2024-08-12,14.57,14.67,14.85,14.47,1627036.0,,0.3419972640218871,688172.SH
2024-08-13,14.72,14.78,14.83,14.62,1002882.0,,0.749829584185413,688172.SH
2024-08-14,14.85,14.51,14.89,14.5,1078627.0,,-1.826792963464141,688172.SH
2024-08-15,14.51,14.57,14.83,14.36,1466329.0,,0.4135079255685792,688172.SH
2024-08-16,14.58,14.31,14.7,14.3,1312692.0,,-1.7844886753603295,688172.SH
2024-08-19,14.37,14.15,14.49,14.15,1650169.0,,-1.1180992313067795,688172.SH
2024-08-20,14.17,13.92,14.22,13.85,1336824.0,,-1.6254416961130724,688172.SH
2024-08-21,13.87,13.64,14.04,13.62,1390370.0,,-2.011494252873558,688172.SH
2024-08-22,13.68,13.43,13.71,13.4,1178793.0,,-1.539589442815259,688172.SH
2024-08-23,13.43,13.51,13.62,13.33,1141876.0,,0.5956813104988745,688172.SH
2024-08-26,13.12,13.05,13.26,12.7,2520399.0,,-3.4048852701702326,688172.SH
2024-08-27,13.0,12.79,13.07,12.78,1374671.0,,-1.992337164750968,688172.SH
2024-08-28,12.84,13.15,13.22,12.72,1749891.0,,2.814698983580932,688172.SH
2024-08-29,13.01,13.21,13.38,13.01,1229730.0,,0.4562737642585635,688172.SH
2024-08-30,13.25,13.42,13.68,13.03,2157158.0,,1.5897047691143085,688172.SH
2024-09-02,13.41,12.81,13.7,12.8,2003153.0,,-4.545454545454541,688172.SH
2024-09-03,12.87,12.78,13.03,12.7,1492102.0,,-0.23419203747073736,688172.SH
2024-09-04,12.58,12.62,12.83,12.55,1703993.0,,-1.2519561815336422,688172.SH
2024-09-05,12.65,12.77,12.92,12.62,1135082.0,,1.188589540412055,688172.SH
2024-09-06,12.85,12.31,12.85,12.3,1365261.0,,-3.6021926389976477,688172.SH
2024-09-09,12.27,12.12,12.42,12.1,1570282.0,,-1.543460601137292,688172.SH
2024-09-10,12.25,12.36,12.41,12.11,1369751.0,,1.980198019801982,688172.SH
2024-09-11,12.28,12.36,12.48,12.21,932121.0,,0.0,688172.SH
2024-09-12,12.33,12.37,12.55,12.32,1194658.0,,0.08090614886731018,688172.SH
2024-09-13,12.32,12.2,12.4,12.19,1462148.0,,-1.3742926434923142,688172.SH
2024-09-18,12.13,12.12,12.35,11.96,1543612.0,,-0.6557377049180357,688172.SH
2024-09-19,12.12,12.37,12.52,12.02,2080304.0,,2.062706270627057,688172.SH
2024-09-20,12.4,12.16,12.47,12.13,1536025.0,,-1.6976556184316816,688172.SH
2024-09-23,12.21,12.06,12.33,12.04,1144608.0,,-0.8223684210526327,688172.SH
2024-09-24,12.15,12.72,12.75,12.09,2690996.0,,5.472636815920406,688172.SH
2024-09-25,12.89,12.87,13.19,12.85,2887429.0,,1.1792452830188482,688172.SH
2024-09-26,12.92,13.44,13.45,12.81,2666773.0,,4.428904428904423,688172.SH
2024-09-27,13.7,14.41,14.44,13.65,2561813.0,,7.217261904761907,688172.SH
2024-09-30,16.5,17.15,17.19,15.02,9138030.0,,19.014573213046493,688172.SH
2024-10-08,20.58,20.58,20.58,19.19,14423234.0,,19.999999999999996,688172.SH
2024-10-09,20.33,20.27,21.95,19.58,17773825.0,,-1.5063168124392567,688172.SH
2024-10-10,20.46,19.35,20.7,19.1,12597570.0,,-4.538727183029101,688172.SH
2024-10-11,19.01,18.01,19.36,17.66,7565043.0,,-6.9250645994832,688172.SH
2024-10-14,17.75,18.26,18.45,17.21,6275596.0,,1.3881177123820088,688172.SH
2024-10-15,18.28,17.6,18.53,17.51,5255503.0,,-3.6144578313253017,688172.SH
2024-10-16,17.41,17.2,17.79,17.08,3938130.0,,-2.272727272727282,688172.SH
2024-10-17,17.41,17.11,17.66,17.11,3567042.0,,-0.5232558139534826,688172.SH
2024-10-18,17.14,19.2,19.85,17.06,9465903.0,,12.21507890122735,688172.SH
2024-10-21,19.73,19.85,20.99,19.0,13297316.0,,3.385416666666674,688172.SH
2024-10-22,20.1,19.46,20.1,19.28,7790024.0,,-1.9647355163727953,688172.SH
2024-10-23,19.37,19.2,19.75,19.1,6278515.0,,-1.336073997944509,688172.SH
2024-10-24,18.93,19.23,19.49,18.91,4501805.0,,0.15625000000001332,688172.SH
2024-10-25,19.2,19.59,19.79,19.11,4399717.0,,1.8720748829953227,688172.SH
2024-10-28,19.63,19.37,19.65,19.22,3971202.0,,-1.1230219499744676,688172.SH
2024-10-29,19.43,19.15,19.55,19.08,4691188.0,,-1.135776974703162,688172.SH
2024-10-30,19.05,18.68,19.19,18.41,4067229.0,,-2.4543080939947726,688172.SH
2024-10-31,18.41,19.04,19.27,18.3,5263708.0,,1.9271948608136968,688172.SH
2024-11-01,18.82,18.03,19.05,17.99,4739942.0,,-5.3046218487394885,688172.SH
2024-11-04,18.18,18.48,18.49,18.03,2950633.0,,2.4958402662229595,688172.SH
2024-11-05,18.48,19.46,19.49,18.33,5193723.0,,5.303030303030298,688172.SH
2024-11-06,19.49,19.97,20.35,19.35,7079233.0,,2.6207605344295892,688172.SH
2024-11-07,19.86,20.46,20.5,19.63,6690634.0,,2.4536805207811874,688172.SH
2024-11-08,20.98,24.55,24.55,20.6,22002474.0,,19.99022482893451,688172.SH
2024-11-11,24.49,26.54,29.42,23.83,30561159.0,,8.105906313645605,688172.SH
2024-11-12,26.28,27.69,28.88,24.67,28363820.0,,4.333082140165789,688172.SH
2024-11-13,26.89,29.25,30.35,26.63,29083105.0,,5.633802816901401,688172.SH
2024-11-14,28.95,27.79,29.33,27.5,16557420.0,,-4.991452991452993,688172.SH
2024-11-15,28.68,25.13,28.68,25.1,21402402.0,,-9.571788413098236,688172.SH
2024-11-18,26.0,27.99,29.0,25.62,27728114.0,,11.380819737365687,688172.SH
2024-11-19,27.48,29.72,30.98,27.0,28106595.0,,6.180778849589141,688172.SH
2024-11-20,28.75,29.81,30.95,26.86,30497489.0,,0.302826379542398,688172.SH
2024-11-21,28.9,28.72,29.48,27.85,16548459.0,,-3.656491110365645,688172.SH
2024-11-22,28.33,26.35,29.95,26.02,16449616.0,,-8.252089136490238,688172.SH
2024-11-25,25.4,24.64,26.22,23.89,14665485.0,,-6.489563567362433,688172.SH
2024-11-26,24.78,24.86,25.45,24.35,8561273.0,,0.8928571428571397,688172.SH
2024-11-27,24.77,25.26,25.29,23.5,10174931.0,,1.6090104585679832,688172.SH
2024-11-28,24.97,24.06,25.38,23.97,9652167.0,,-4.750593824228044,688172.SH
2024-11-29,23.93,24.4,25.18,23.49,8913132.0,,1.413133832086455,688172.SH
2024-12-02,24.28,24.48,25.14,24.1,6505916.0,,0.3278688524590345,688172.SH
2024-12-03,24.5,24.05,25.3,23.62,7584764.0,,-1.756535947712412,688172.SH
2024-12-04,24.51,23.85,25.16,23.64,7734343.0,,-0.8316008316008316,688172.SH
2024-12-05,23.85,23.59,23.99,23.41,5614909.0,,-1.0901467505241125,688172.SH
2024-12-06,23.57,23.65,24.15,23.04,6728462.0,,0.25434506146670977,688172.SH
2024-12-09,23.46,23.1,23.7,22.88,4944035.0,,-2.3255813953488302,688172.SH
2024-12-10,23.88,22.66,23.98,22.5,8520681.0,,-1.904761904761909,688172.SH
2024-12-11,22.52,22.7,22.86,22.1,7342985.0,,0.1765225066195919,688172.SH
2024-12-12,22.5,22.97,23.22,22.1,8081080.0,,1.1894273127753374,688172.SH
2024-12-13,22.88,22.1,23.11,22.0,7559232.0,,-3.7875489769264137,688172.SH
2024-12-16,22.15,21.42,22.16,21.21,5562410.0,,-3.076923076923077,688172.SH
2024-12-17,21.22,20.82,21.51,20.7,4349630.0,,-2.801120448179273,688172.SH
2024-12-18,21.22,21.05,21.36,20.67,6272134.0,,1.1047070124879932,688172.SH
2024-12-19,20.55,20.76,21.03,20.46,6171497.0,,-1.3776722090261262,688172.SH
2024-12-20,20.74,22.8,23.62,20.62,15950403.0,,9.826589595375722,688172.SH
2024-12-23,22.4,21.4,22.53,21.3,8834793.0,,-6.14035087719299,688172.SH
2024-12-24,21.55,21.8,21.94,20.95,5753750.0,,1.869158878504673,688172.SH
2024-12-25,22.02,21.25,22.07,20.91,4165537.0,,-2.5229357798165153,688172.SH
2024-12-26,20.52,21.33,21.58,20.52,3979626.0,,0.3764705882352892,688172.SH
2024-12-27,21.46,20.89,21.82,20.86,5948196.0,,-2.0628223159868675,688172.SH
2024-12-30,20.9,20.7,21.04,20.26,4786300.0,,-0.9095260890378265,688172.SH
2024-12-31,20.86,20.05,21.08,20.05,5747992.0,,-3.1400966183574797,688172.SH
2025-01-02,20.09,19.34,20.25,19.06,4992632.0,,-3.5411471321695753,688172.SH
2025-01-03,19.5,18.95,19.74,18.9,4643437.0,,-2.0165460186142736,688172.SH
2025-01-06,18.8,18.69,19.21,18.51,4504589.0,,-1.3720316622691242,688172.SH
2025-01-07,18.62,19.66,19.77,18.62,5048343.0,,5.189941144997312,688172.SH
2025-01-08,19.5,20.05,21.0,19.41,7886058.0,,1.983723296032558,688172.SH
2025-01-09,19.86,19.84,20.6,19.63,6005513.0,,-1.0473815461346625,688172.SH
2025-01-10,19.74,19.73,21.53,19.66,9401357.0,,-0.5544354838709631,688172.SH
2025-01-13,19.31,19.9,20.18,19.11,5249990.0,,0.8616320324378979,688172.SH
2025-01-14,20.17,20.73,20.96,19.77,8391972.0,,4.170854271356794,688172.SH
2025-01-15,20.65,20.05,20.9,19.9,6500055.0,,-3.2802701398938705,688172.SH
2025-01-16,19.75,19.88,20.26,19.54,5321715.0,,-0.8478802992518797,688172.SH
2025-01-17,20.2,19.85,20.4,19.43,5450235.0,,-0.15090543259556055,688172.SH
2025-01-20,19.91,19.38,20.05,19.25,4972102.0,,-2.3677581863979946,688172.SH
2025-01-21,19.55,19.08,19.55,18.85,5089597.0,,-1.547987616099078,688172.SH
2025-01-22,19.33,19.24,19.66,18.98,5439095.0,,0.8385744234800763,688172.SH
2025-01-23,19.4,19.43,20.72,19.27,7305411.0,,0.9875259875259834,688172.SH
2025-01-24,19.54,20.02,20.58,19.4,6918375.0,,3.03654143077714,688172.SH
2025-01-27,19.81,19.03,20.27,19.02,5173838.0,,-4.945054945054938,688172.SH
2025-02-05,19.37,19.46,19.65,19.13,4612844.0,,2.2595901208617875,688172.SH
2025-02-06,19.62,20.66,21.05,19.2,9443954.0,,6.166495375128456,688172.SH
2025-02-07,20.67,20.99,21.43,20.46,8971024.0,,1.5972894482090938,688172.SH
2025-02-10,21.1,21.0,21.28,20.7,5938953.0,,0.04764173415912065,688172.SH
2025-02-11,21.0,20.83,21.49,20.39,7236248.0,,-0.8095238095238155,688172.SH
2025-02-12,20.71,21.23,21.27,20.55,6398087.0,,1.9203072491598805,688172.SH
2025-02-13,21.26,20.54,21.29,20.53,5501677.0,,-3.250117757889781,688172.SH
2025-02-14,20.43,20.55,20.77,20.3,5349443.0,,0.048685491723476915,688172.SH
2025-02-17,20.5,20.49,20.87,20.23,4803115.0,,-0.29197080291971655,688172.SH
2025-02-18,20.5,19.79,20.74,19.65,5543257.0,,-3.4163006344558267,688172.SH
2025-02-19,19.96,21.84,21.97,19.72,14881438.0,,10.358767054067709,688172.SH
2025-02-20,21.8,21.41,21.96,21.19,8379289.0,,-1.968864468864473,688172.SH
2025-02-21,21.4,25.38,25.66,21.12,30036676.0,,18.542737038766923,688172.SH
2025-02-24,24.3,23.76,24.85,23.38,18150521.0,,-6.382978723404243,688172.SH
2025-02-25,23.16,23.27,23.96,23.02,8397951.0,,-2.0622895622895654,688172.SH
2025-02-26,23.33,24.37,24.85,22.88,14551378.0,,4.727116458960046,688172.SH
2025-02-27,24.15,23.61,24.6,22.93,12307643.0,,-3.1185884283955745,688172.SH
2025-02-28,23.4,22.14,23.54,21.94,10430269.0,,-6.226175349428209,688172.SH
2025-03-03,22.15,21.67,22.4,21.4,7443384.0,,-2.1228545618789507,688172.SH
2025-03-04,21.38,22.52,22.7,21.23,8463365.0,,3.9224734656206683,688172.SH
2025-03-05,22.47,21.72,22.59,21.52,9136702.0,,-3.5523978685612856,688172.SH
2025-03-06,21.98,22.72,23.07,21.75,11296768.0,,4.604051565377532,688172.SH
2025-03-07,22.46,22.05,22.93,21.88,8550072.0,,-2.9489436619718257,688172.SH
2025-03-10,21.98,21.95,22.23,21.54,6206478.0,,-0.45351473922903285,688172.SH
2025-03-11,21.58,21.55,21.92,21.19,6866470.0,,-1.8223234624145768,688172.SH
2025-03-12,21.81,21.43,22.08,21.41,5946006.0,,-0.5568445475638062,688172.SH
2025-03-13,21.56,21.44,21.74,21.2,6594495.0,,0.046663555762949116,688172.SH
2025-03-14,21.21,21.58,21.7,20.67,7972773.0,,0.6529850746268551,688172.SH
2025-03-17,21.56,21.4,21.62,21.18,4931366.0,,-0.8341056533827551,688172.SH
2025-03-18,21.46,21.41,21.95,21.32,3994395.0,,0.046728971962628485,688172.SH
2025-03-19,21.47,20.88,21.82,20.82,6426834.0,,-2.475478748248483,688172.SH
2025-03-20,20.86,20.49,20.97,20.37,4812684.0,,-1.867816091954022,688172.SH
2025-03-21,20.31,20.41,20.68,20.1,5012748.0,,-0.3904343582235126,688172.SH
2025-03-24,20.3,20.01,20.66,19.7,4466284.0,,-1.9598236158745674,688172.SH
2025-03-25,20.01,19.53,20.05,19.46,4355138.0,,-2.398800599700157,688172.SH
2025-03-26,19.54,19.7,19.83,19.53,3040035.0,,0.8704557091653742,688172.SH
2025-03-27,19.72,19.59,20.17,19.31,4008636.0,,-0.5583756345177604,688172.SH
2025-03-28,19.59,19.26,19.83,19.22,3450517.0,,-1.6845329249617014,688172.SH
2025-03-31,19.15,19.31,19.42,19.0,2890637.0,,0.25960539979230646,688172.SH
2025-04-01,19.36,19.61,19.73,19.21,2485354.0,,1.5535991714137776,688172.SH
2025-04-02,19.57,19.57,19.75,19.46,1983797.0,,-0.20397756246812726,688172.SH
2025-04-03,19.39,19.59,19.75,19.32,2680474.0,,0.10219724067450642,688172.SH
2025-04-07,18.06,16.11,18.81,15.67,8575288.0,,-17.76416539050536,688172.SH
2025-04-08,16.3,17.05,17.36,16.27,6935260.0,,5.834885164494108,688172.SH
2025-04-09,16.87,17.83,18.13,16.3,7026993.0,,4.574780058651018,688172.SH
2025-04-10,18.31,18.1,18.69,18.1,4808483.0,,1.5143017386427537,688172.SH
2025-04-11,18.02,19.25,20.93,18.02,11339433.0,,6.353591160220984,688172.SH
2025-04-14,19.4,19.22,19.5,19.12,4932300.0,,-0.15584415584416478,688172.SH
2025-04-15,19.24,18.95,19.24,18.73,3494317.0,,-1.4047866805411036,688172.SH
2025-04-16,18.97,18.82,19.14,18.4,3058076.0,,-0.6860158311345566,688172.SH
2025-04-17,18.92,18.86,19.18,18.55,2648779.0,,0.2125398512220933,688172.SH
2025-04-18,18.83,18.75,18.98,18.56,1801530.0,,-0.5832449628844105,688172.SH
2025-04-21,18.74,18.77,18.89,18.56,2423494.0,,0.10666666666665492,688172.SH
2025-04-22,18.76,18.84,19.13,18.5,3123144.0,,0.3729355354288755,688172.SH
2025-04-23,19.11,18.87,19.11,18.7,2743508.0,,0.15923566878981443,688172.SH
2025-04-24,18.84,18.58,18.87,18.41,2230261.0,,-1.5368309485956688,688172.SH
2025-04-25,18.69,18.4,18.7,18.4,2579769.0,,-0.9687836383207693,688172.SH
2025-04-28,17.78,18.15,18.27,17.66,3310479.0,,-1.3586956521739135,688172.SH
2025-04-29,18.2,18.37,18.5,18.04,2083153.0,,1.21212121212122,688172.SH
2025-04-30,18.41,18.51,18.66,18.39,2461744.0,,0.7621121393576624,688172.SH
2025-05-06,18.56,19.06,19.14,18.45,3517989.0,,2.9713668287411954,688172.SH
2025-05-07,19.28,19.18,19.57,18.96,3530077.0,,0.6295907660021083,688172.SH
2025-05-08,19.08,19.7,19.75,19.02,3766320.0,,2.711157455683,688172.SH
2025-05-09,19.52,19.12,19.8,19.1,3224237.0,,-2.9441624365482144,688172.SH
2025-05-12,19.25,19.76,19.88,19.13,3257297.0,,3.347280334728042,688172.SH
2025-05-13,19.92,19.41,19.96,19.38,2310430.0,,-1.7712550607287492,688172.SH
2025-05-14,19.5,19.35,19.6,19.28,2007552.0,,-0.3091190108191588,688172.SH
2025-05-15,19.34,19.04,19.5,19.03,1784540.0,,-1.602067183462541,688172.SH
2025-05-16,18.94,18.96,19.15,18.93,1786297.0,,-0.42016806722687816,688172.SH
2025-05-19,19.06,19.11,19.2,18.77,1857849.0,,0.7911392405063111,688172.SH
2025-05-20,19.14,19.2,19.35,18.93,1784034.0,,0.47095761381474865,688172.SH
2025-05-21,19.19,19.1,19.26,19.05,1415994.0,,-0.5208333333333259,688172.SH
2025-05-22,19.01,19.03,19.47,19.01,1565635.0,,-0.366492146596864,688172.SH
2025-05-23,19.01,18.76,19.16,18.76,2121215.0,,-1.4188124014713588,688172.SH
2025-05-26,18.8,18.87,18.98,18.71,1825423.0,,0.5863539445629007,688172.SH
2025-05-27,18.92,18.89,18.92,18.58,1550499.0,,0.10598834128245915,688172.SH
2025-05-28,18.87,18.7,18.97,18.58,1139095.0,,-1.0058231868713685,688172.SH
2025-05-29,18.72,19.24,19.27,18.7,2373645.0,,2.887700534759352,688172.SH
2025-05-30,19.26,18.8,19.27,18.72,1781368.0,,-2.2869022869022704,688172.SH
2025-06-03,18.8,18.6,18.95,18.59,1794282.0,,-1.0638297872340385,688172.SH
2025-06-04,18.61,18.58,18.75,18.55,1499473.0,,-0.10752688172044333,688172.SH
2025-06-05,18.6,18.84,18.91,18.52,2096180.0,,1.3993541442411273,688172.SH
2025-06-06,18.9,18.68,18.97,18.59,1853188.0,,-0.849256900212314,688172.SH
2025-06-09,18.72,18.83,18.92,18.61,2070441.0,,0.8029978586723718,688172.SH
2025-06-10,18.84,18.22,18.84,18.17,2944252.0,,-3.2395114179500806,688172.SH
2025-06-11,18.27,18.28,18.45,18.22,1527907.0,,0.3293084522502765,688172.SH
2025-06-12,18.25,18.29,18.39,18.11,1706300.0,,0.0547045951859948,688172.SH
2025-06-13,18.1,17.92,18.32,17.86,2873321.0,,-2.0229633679606174,688172.SH
2025-06-16,17.88,18.29,18.32,17.86,2233537.0,,2.0647321428571175,688172.SH
2025-06-17,18.3,18.14,18.39,17.94,1899874.0,,-0.8201202843083566,688172.SH
2025-06-18,18.1,18.16,18.27,17.98,1672060.0,,0.11025358324145973,688172.SH
2025-06-19,18.19,18.1,18.32,17.96,1837536.0,,-0.3303964757709221,688172.SH
2025-06-20,17.94,17.93,18.3,17.91,1622485.0,,-0.939226519337022,688172.SH
2025-06-23,17.89,18.29,18.37,17.87,2099711.0,,2.0078081427774563,688172.SH
2025-06-24,18.39,18.63,18.67,18.29,2250210.0,,1.8589393110989505,688172.SH
2025-06-25,18.58,19.02,19.07,18.55,2918819.0,,2.093397745571668,688172.SH
2025-06-26,19.1,18.9,19.18,18.84,3279377.0,,-0.6309148264984299,688172.SH
2025-06-27,19.04,19.09,19.28,19.0,3003235.0,,1.0052910052910091,688172.SH
2025-06-30,19.16,19.66,19.74,19.12,4544573.0,,2.9858564693556744,688172.SH
2025-07-01,19.68,19.69,19.88,19.49,2518346.0,,0.15259409969481386,688172.SH
2025-07-02,19.58,19.41,19.73,19.3,2546815.0,,-1.4220416455053342,688172.SH
2025-07-03,19.39,19.26,19.52,19.23,2211895.0,,-0.7727975270479082,688172.SH
2025-07-04,19.22,19.14,19.42,19.03,2360748.0,,-0.6230529595015577,688172.SH
2025-07-07,19.0,19.11,19.23,18.91,2159592.0,,-0.15673981191223207,688172.SH
2025-07-08,19.12,19.85,19.9,19.08,3836405.0,,3.8723181580324617,688172.SH
2025-07-09,19.85,19.69,19.95,19.64,1941055.0,,-0.8060453400503764,688172.SH
2025-07-10,19.39,18.7,19.4,18.65,5990384.0,,-5.027932960893866,688172.SH
2025-07-11,18.7,18.83,18.97,18.58,3216175.0,,0.6951871657753905,688172.SH
2025-07-14,18.9,18.8,18.92,18.66,2402702.0,,-0.15932023366966863,688172.SH
2025-07-15,18.8,18.75,18.93,18.55,2634615.0,,-0.26595744680851796,688172.SH
2025-07-16,18.76,18.72,18.99,18.67,2088259.0,,-0.16000000000000458,688172.SH
2025-07-17,18.72,18.75,18.79,18.6,2437069.0,,0.1602564102564097,688172.SH
2025-07-18,18.72,18.84,18.89,18.65,2237060.0,,0.47999999999999154,688172.SH
2025-07-21,18.83,19.02,19.08,18.8,2392111.0,,0.9554140127388422,688172.SH
2025-07-22,18.97,19.12,19.19,18.92,2537285.0,,0.525762355415349,688172.SH
2025-07-23,18.95,19.17,19.33,18.95,2899812.0,,0.26150627615062483,688172.SH
2025-07-24,19.17,19.57,19.58,19.1,3634909.0,,2.086593635889411,688172.SH
2025-07-25,19.57,19.93,20.0,19.48,5265729.0,,1.8395503321410267,688172.SH
2025-07-28,20.01,20.09,20.14,19.7,4093180.0,,0.8028098344204704,688172.SH
2025-07-29,19.92,20.1,20.27,19.92,3577964.0,,0.04977600796416404,688172.SH
2025-07-30,20.0,19.94,20.2,19.75,3626640.0,,-0.7960199004975133,688172.SH
2025-07-31,19.9,19.49,20.12,19.39,5866816.0,,-2.2567703109328097,688172.SH
2025-08-01,19.48,19.41,19.72,19.32,2884288.0,,-0.4104669061056887,688172.SH
2025-08-04,19.38,19.46,19.58,19.31,2829555.0,,0.25759917568264346,688172.SH
2025-08-05,19.56,19.65,19.88,19.5,3539888.0,,0.9763617677286618,688172.SH
2025-08-06,19.58,19.97,20.12,19.58,4795571.0,,1.6284987277353613,688172.SH
2025-08-07,20.0,20.47,20.58,20.0,7220667.0,,2.5037556334501776,688172.SH
2025-08-08,20.4,20.11,20.43,20.0,3714905.0,,-1.7586712261846604,688172.SH
2025-08-11,19.98,20.15,20.37,19.92,3665962.0,,0.19890601690699672,688172.SH
2025-08-12,20.15,20.04,20.23,19.8,4612039.0,,-0.545905707196026,688172.SH
2025-08-13,20.01,20.15,20.4,19.9,6767499.0,,0.5489021956087692,688172.SH
2025-08-14,20.14,19.36,20.25,19.3,8698729.0,,-3.9205955334987608,688172.SH
2025-08-15,19.31,19.75,19.81,19.21,7343606.0,,2.01446280991735,688172.SH
2025-08-18,19.75,20.84,21.11,19.75,12431707.0,,5.518987341772141,688172.SH
2025-08-19,20.84,20.62,21.05,20.6,6836440.0,,-1.055662188099804,688172.SH
2025-08-20,20.7,21.1,21.1,20.35,8134879.0,,2.3278370514064006,688172.SH
2025-08-21,21.19,20.84,21.35,20.7,7145718.0,,-1.2322274881516715,688172.SH
2025-08-22,20.9,21.8,22.07,20.81,11636942.0,,4.606525911708248,688172.SH
2025-08-25,22.1,21.9,22.29,21.46,11016896.0,,0.4587155963302614,688172.SH
2025-08-26,21.78,22.01,22.54,21.56,7720496.0,,0.5022831050228493,688172.SH
2025-08-27,22.02,21.53,22.95,21.53,9109497.0,,-2.1808268968650624,688172.SH
2025-08-28,21.52,22.62,22.8,21.4,11481730.0,,5.062703204830465,688172.SH
2025-08-29,23.59,24.61,24.92,23.59,21191602.0,,8.797524314765681,688172.SH
2025-09-01,24.88,24.3,25.93,23.99,18572403.0,,-1.2596505485574894,688172.SH
2025-09-02,24.13,23.17,24.38,22.83,13303236.0,,-4.650205761316872,688172.SH
2025-09-03,22.81,22.28,23.1,22.13,9689328.0,,-3.8411739318083726,688172.SH
2025-09-04,22.06,21.22,22.47,20.8,10091249.0,,-4.757630161579907,688172.SH
2025-09-05,21.23,22.1,22.19,21.12,6795123.0,,4.14703110273329,688172.SH
2025-09-08,22.0,21.93,22.17,21.4,9424896.0,,-0.7692307692307776,688172.SH
2025-09-09,21.9,21.44,22.03,21.41,5730626.0,,-2.2343821249429907,688172.SH
2025-09-10,21.63,21.48,21.99,21.39,4531652.0,,0.1865671641791078,688172.SH
2025-09-11,21.52,22.58,22.68,21.21,9349258.0,,5.1210428305400235,688172.SH
2025-09-12,22.68,22.76,23.17,22.38,8536504.0,,0.7971656333038313,688172.SH
2025-09-15,23.15,22.67,23.35,22.58,7481820.0,,-0.39543057996485054,688172.SH
2025-09-16,22.78,22.79,23.0,22.47,6646869.0,,0.5293339214821335,688172.SH
2025-09-17,22.65,22.89,23.08,22.44,6881042.0,,0.4387889425186531,688172.SH
2025-09-18,22.89,22.81,23.7,22.44,13177593.0,,-0.3494975972040293,688172.SH
2025-09-19,22.81,22.63,23.15,22.2,7353169.0,,-0.7891275756247262,688172.SH
2025-09-22,22.7,23.01,23.04,22.44,7224603.0,,1.6791869200176945,688172.SH
2025-09-23,23.07,22.79,23.07,21.96,9748140.0,,-0.9561060408518118,688172.SH
2025-09-24,22.64,23.79,24.39,22.44,17952171.0,,4.387889425186486,688172.SH
2025-09-25,23.87,24.0,24.3,23.66,13555475.0,,0.8827238335435084,688172.SH
2025-09-26,23.81,25.1,25.67,23.58,24276870.0,,4.583333333333339,688172.SH
2025-09-29,24.8,26.07,28.05,23.84,49497341.0,,3.8645418326693104,688172.SH
2025-09-30,26.27,27.43,28.58,26.26,51675834.0,,5.216724204065981,688172.SH
2025-10-09,27.71,32.5,32.92,26.7,75390183.0,,18.483412322274884,688172.SH
2025-10-10,30.63,30.0,30.96,28.01,55999415.0,,-7.692307692307687,688172.SH
2025-10-13,27.22,30.7,30.85,27.22,42665447.0,,2.3333333333333206,688172.SH
2025-10-14,30.1,27.06,30.85,27.0,43509657.0,,-11.856677524429971,688172.SH
2025-10-15,26.85,26.82,27.67,25.75,23529810.0,,-0.8869179600886845,688172.SH
2025-10-16,26.88,26.65,28.08,26.37,19990041.0,,-0.6338553318419149,688172.SH
2025-10-17,26.49,25.04,26.73,24.97,18538951.0,,-6.041275797373357,688172.SH
2025-10-20,26.02,24.71,26.08,24.56,14387251.0,,-1.317891373801905,688172.SH
2025-10-21,24.96,25.88,25.96,24.84,14615106.0,,4.734925131525691,688172.SH
2025-10-22,25.45,25.2,25.64,24.98,10683319.0,,-2.6275115919629055,688172.SH
2025-10-23,25.03,24.59,25.13,24.11,13241129.0,,-2.420634920634923,688172.SH
2025-10-24,24.8,26.69,27.4,24.75,21793127.0,,8.540056933712892,688172.SH
2025-10-27,27.31,26.83,27.31,26.11,15972276.0,,0.5245410266017103,688172.SH
2025-10-28,26.68,26.48,26.84,26.06,10842197.0,,-1.3045098770033459,688172.SH
2025-10-29,26.42,27.15,27.85,26.3,18173700.0,,2.530211480362521,688172.SH
2025-10-30,27.16,26.79,27.27,26.45,10185873.0,,-1.3259668508287303,688172.SH
2025-10-31,25.87,24.53,26.11,24.53,19919010.0,,-8.43598357596117,688172.SH
2025-11-03,24.38,24.21,24.47,23.48,14669801.0,,-1.3045250713412115,688172.SH
2025-11-04,24.15,23.77,24.45,23.61,7444779.0,,-1.81743081371335,688172.SH
2025-11-05,23.53,23.33,23.77,23.16,7108988.0,,-1.8510727808161653,688172.SH
2025-11-06,23.55,24.3,24.88,23.47,11973508.0,,4.157736819545654,688172.SH
2025-11-07,24.21,25.11,26.0,24.0,16075568.0,,3.3333333333333215,688172.SH
2025-11-10,25.46,25.63,25.96,24.63,13658992.0,,2.0708880923934636,688172.SH
2025-11-11,25.64,24.81,26.59,24.66,11643027.0,,-3.199375731564569,688172.SH
2025-11-12,24.65,24.21,24.8,23.9,7326086.0,,-2.4183796856106277,688172.SH
2025-11-13,24.2,25.5,26.26,24.11,16778248.0,,5.3283767038413865,688172.SH
2025-11-14,25.18,25.35,25.95,24.73,11300840.0,,-0.588235294117645,688172.SH
2025-11-17,25.02,27.04,27.49,25.02,22569935.0,,6.666666666666665,688172.SH
2025-11-18,27.0,26.59,27.35,26.46,12669996.0,,-1.664201183431946,688172.SH
2025-11-19,26.44,25.78,26.8,25.65,7498067.0,,-3.046257991726209,688172.SH
2025-11-20,25.18,24.38,25.46,24.18,11398273.0,,-5.430566330488762,688172.SH
2025-11-21,24.0,22.75,24.16,22.67,11554699.0,,-6.685808039376539,688172.SH
2025-11-24,22.9,22.66,23.17,22.54,7229980.0,,-0.39560439560439864,688172.SH
2025-11-25,22.72,23.01,23.66,22.72,8183479.0,,1.544571932921457,688172.SH
2025-11-26,22.92,24.22,25.18,22.8,15096761.0,,5.25858322468491,688172.SH
2025-11-27,24.18,24.83,25.55,24.1,12143788.0,,2.518579686209743,688172.SH
2025-11-28,24.68,24.98,25.6,24.4,8538641.0,,0.6041079339508704,688172.SH
2025-12-01,24.7,25.01,25.29,24.4,8278652.0,,0.12009607686149781,688172.SH
2025-12-02,24.96,24.05,25.01,23.97,5308502.0,,-3.8384646141543466,688172.SH
2025-12-03,24.08,23.75,24.3,23.51,5693608.0,,-1.2474012474012475,688172.SH
2025-12-04,23.77,24.29,24.74,23.55,6859139.0,,2.2736842105263166,688172.SH
2025-12-05,24.25,24.32,24.67,23.7,4199894.0,,0.1235076163030202,688172.SH
2025-12-08,24.3,24.97,25.25,24.08,8202982.0,,2.6726973684210398,688172.SH
2025-12-09,24.9,24.64,25.25,24.39,5526707.0,,-1.3215859030836885,688172.SH
2025-12-10,24.52,24.88,25.16,24.21,6281403.0,,0.9740259740259605,688172.SH
2025-12-11,24.89,24.65,25.17,24.48,6203164.0,,-0.9244372990353744,688172.SH
2025-12-12,24.7,28.8,29.44,24.7,35592307.0,,16.835699797160263,688172.SH
2025-12-15,27.89,27.0,28.28,26.93,23311469.0,,-6.25,688172.SH
2025-12-16,27.1,26.87,28.13,26.64,14289330.0,,-0.48148148148148273,688172.SH
2025-12-17,26.8,27.09,27.63,26.8,21535027.0,,0.818756978042412,688172.SH
2025-12-18,27.0,27.63,28.6,27.0,19016237.0,,1.9933554817275656,688172.SH
2025-12-19,28.5,27.65,28.51,26.88,19583171.0,,0.07238508867173366,688172.SH
2025-12-22,27.36,27.7,28.71,26.78,22980951.0,,0.1808318264014508,688172.SH
2025-12-23,27.29,28.0,28.47,26.93,15655508.0,,1.0830324909747224,688172.SH
2025-12-24,28.0,28.14,28.6,27.6,15939941.0,,0.5000000000000115,688172.SH
2025-12-25,27.93,29.38,29.8,27.36,21110671.0,,4.4065387348969365,688172.SH
2025-12-26,28.96,27.99,29.98,27.94,21623683.0,,-4.731109598366235,688172.SH
2025-12-29,27.88,27.77,28.53,27.5,14962584.0,,-0.785994998213646,688172.SH
2025-12-30,27.7,27.22,28.12,26.69,20608015.0,,-1.9805545552754822,688172.SH
2025-12-31,28.58,28.94,30.77,27.8,32563940.0,,6.318883174136669,688172.SH
